Experimento,Nº Usuários,Unidade ID,Data/Hora Início,Status Execução,Duração (ms),Conexões ativas,Nº blocos lidos do disco,Nº blocos lidos da cache,Nº Arq. Temp.,Tamanho Arq. Temp.,I/O Read,I/O Write,Taxa de uso da cache
Exp_02, 1, 18007, 2025-02-13T10:59:17.621265, SUCCESS, 3000, 6, 55708, 55464, 0, 0, 0.0, 0.0, 49.8902601374446803
Exp_02, 1, 18008, 2025-02-13T10:59:20.627407, SUCCESS, 1890, 6, 101779, 112043, 0, 0, 0.0, 0.0, 52.4001272086127714
Exp_02, 1, 18006, 2025-02-13T10:59:22.520885, SUCCESS, 1760, 6, 148047, 168350, 0, 0, 0.0, 0.0, 53.2084691068499385
Exp_02, 1, 18007, 2025-02-13T10:59:24.283755, SUCCESS, 1618, 6, 194029, 224705, 0, 0, 0.0, 0.0, 53.6629459274861845
Exp_02, 1, 18008, 2025-02-13T10:59:25.904859, SUCCESS, 1694, 6, 240095, 280968, 0, 0, 0.0, 0.0, 53.9220785202557080
Exp_02, 1, 18006, 2025-02-13T10:59:27.601906, SUCCESS, 1356, 6, 286364, 337264, 0, 0, 0.0, 0.0, 54.0809585201434188
Exp_02, 2, 18008, 2025-02-13T10:59:33.967254, SUCCESS, 902, 6, 286364, 403215, 0, 0, 0.0, 0.0, 58.4726333023482444
Exp_02, 2, 18006, 2025-02-13T10:59:34.872731, SUCCESS, 903, 6, 286364, 542160, 0, 0, 0.0, 0.0, 65.4368491437785749
Exp_02, 2, 18008, 2025-02-13T10:59:35.965336, SUCCESS, 1135, 8, 286734, 652961, 0, 0, 0.0, 0.0, 69.4864823160706399
Exp_02, 2, 18007, 2025-02-13T10:59:35.778456, SUCCESS, 2271, 8, 332746, 709274, 0, 0, 0.0, 0.0, 68.0672156004683211
Exp_02, 2, 18006, 2025-02-13T10:59:37.108607, SUCCESS, 1207, 8, 340700, 804180, 0, 0, 0.0, 0.0, 70.2414226818531200
Exp_02, 2, 18008, 2025-02-13T10:59:38.319139, SUCCESS, 1577, 6, 387725, 962575, 0, 0, 0.0, 0.0, 71.2860105161815893
Exp_02, 2, 18007, 2025-02-13T10:59:38.052968, SUCCESS, 1858, 6, 387725, 962575, 0, 0, 0.0, 0.0, 71.2860105161815893
Exp_02, 2, 18007, 2025-02-13T10:59:39.913980, SUCCESS, 1480, 7, 387725, 1096490, 0, 0, 0.0, 0.0, 73.8767631374160752
Exp_02, 2, 18006, 2025-02-13T10:59:39.899497, SUCCESS, 1533, 8, 387725, 1167450, 0, 0, 0.0, 0.0, 75.0687221695307602
Exp_02, 2, 18006, 2025-02-13T10:59:41.435472, SUCCESS, 1124, 8, 387725, 1270023, 0, 0, 0.0, 0.0, 76.6113426166100035
Exp_02, 2, 18008, 2025-02-13T10:59:41.398109, SUCCESS, 2248, 8, 428870, 1331147, 0, 0, 0.0, 0.0, 75.6326217303582863
Exp_02, 2, 18007, 2025-02-13T10:59:42.563641, SUCCESS, 1833, 8, 454511, 1407842, 0, 0, 0.0, 0.0, 75.5947986230322608
Exp_02, 2, 18008, 2025-02-13T10:59:43.649074, SUCCESS, 1444, 8, 466752, 1497922, 0, 0, 0.0, 0.0, 76.2427761552298244
Exp_02, 2, 18007, 2025-02-13T10:59:45.096477, SUCCESS, 1568, 6, 514540, 1655153, 0, 0, 0.0, 0.0, 76.2851242088166390
Exp_02, 2, 18006, 2025-02-13T10:59:44.400230, SUCCESS, 2259, 6, 514540, 1655153, 0, 0, 0.0, 0.0, 76.2851242088166390
Exp_02, 2, 18008, 2025-02-13T10:59:46.674523, SUCCESS, 1637, 10, 528731, 1752486, 0, 0, 0.0, 0.0, 76.8224154037077577
Exp_02, 2, 18006, 2025-02-13T10:59:46.674523, SUCCESS, 1993, 10, 558384, 1834550, 0, 0, 0.0, 0.0, 76.6652987504043154
Exp_02, 2, 18008, 2025-02-13T10:59:48.670866, SUCCESS, 1164, 10, 558385, 1936899, 0, 0, 0.0, 0.0, 77.6223868705926860
Exp_02, 2, 18007, 2025-02-13T10:59:48.315687, SUCCESS, 2285, 10, 604342, 1993274, 0, 0, 0.0, 0.0, 76.7347444733940659
Exp_02, 2, 18006, 2025-02-13T10:59:49.838015, SUCCESS, 1929, 10, 635151, 2065035, 0, 0, 0.0, 0.0, 76.4775093271352418
Exp_02, 2, 18007, 2025-02-13T10:59:50.604969, SUCCESS, 1354, 9, 635167, 2167342, 0, 0, 0.0, 0.0, 77.3357730519331071
Exp_02, 2, 18006, 2025-02-13T10:59:51.961998, SUCCESS, 922, 9, 635167, 2232424, 0, 0, 0.0, 0.0, 77.8501536655680674
Exp_02, 2, 18007, 2025-02-13T10:59:52.886763, SUCCESS, 1664, 9, 660822, 2346579, 0, 0, 0.0, 0.0, 78.0268078649970523
Exp_02, 2, 18008, 2025-02-13T10:59:51.770542, SUCCESS, 2831, 7, 699695, 2410034, 1, 31064064, 0.0, 0.0, 77.4998078610708522
Exp_02, 3, 18007, 2025-02-13T10:59:59.613813, SUCCESS, 1006, 7, 699695, 2472318, 1, 31064064, 0.0, 0.0, 77.9416099492656556
Exp_02, 3, 18008, 2025-02-13T11:00:00.622472, SUCCESS, 1545, 9, 718978, 2595426, 1, 31064064, 0.0, 0.0, 78.3074724746892654
Exp_02, 3, 18006, 2025-02-13T11:00:01.112136, SUCCESS, 2236, 9, 746529, 2670446, 1, 31064064, 0.0, 0.0, 78.1523423495928416
Exp_02, 3, 18007, 2025-02-13T11:00:02.170656, SUCCESS, 1433, 9, 746530, 2772770, 1, 31064064, 0.0, 0.0, 78.7875429772966215
Exp_02, 3, 18007, 2025-02-13T11:00:03.607328, SUCCESS, 1321, 9, 746530, 2875079, 1, 31064064, 0.0, 0.0, 79.3867863703674251
Exp_02, 3, 18006, 2025-02-13T11:00:03.352861, SUCCESS, 1787, 9, 769235, 2954958, 1, 31064064, 0.0, 0.0, 79.3449211681564301
Exp_02, 3, 18006, 2025-02-13T11:00:05.142803, SUCCESS, 1284, 9, 772563, 3054195, 1, 31064064, 0.0, 0.0, 79.8115532782579928
Exp_02, 3, 18008, 2025-02-13T11:00:04.932557, SUCCESS, 2143, 9, 797163, 3131948, 2, 58884096, 0.0, 0.0, 79.7113647336509455
Exp_02, 3, 18008, 2025-02-13T11:00:02.613369, SUCCESS, 5686, 11, 821679, 3214513, 3, 125534208, 0.0, 0.0, 79.6422221737717135
Exp_02, 3, 18008, 2025-02-13T11:00:07.078695, SUCCESS, 1387, 9, 821679, 3316829, 3, 125534208, 0.0, 0.0, 80.1455258755087582
Exp_02, 3, 18007, 2025-02-13T11:00:06.429342, SUCCESS, 2341, 9, 853020, 3387781, 3, 125534208, 0.0, 0.0, 79.8854037244379069
Exp_02, 3, 18007, 2025-02-13T11:00:08.469008, SUCCESS, 1196, 9, 853020, 3490088, 3, 125534208, 0.0, 0.0, 80.3592266183571765
Exp_02, 3, 18008, 2025-02-13T11:00:08.775432, SUCCESS, 1275, 9, 853020, 3592413, 3, 125534208, 0.0, 0.0, 80.8113180425843782
Exp_02, 3, 18006, 2025-02-13T11:00:09.668741, SUCCESS, 1953, 9, 877511, 3670479, 3, 125534208, 0.0, 0.0, 80.7055204606870288
Exp_02, 3, 18007, 2025-02-13T11:00:10.056623, SUCCESS, 1682, 9, 889717, 3760600, 3, 125534208, 0.0, 0.0, 80.8676053696984528
Exp_02, 3, 18006, 2025-02-13T11:00:08.316448, SUCCESS, 4630, 11, 908672, 3840449, 4, 192184320, 0.0, 0.0, 80.8665224575242450
Exp_02, 3, 18006, 2025-02-13T11:00:11.742255, SUCCESS, 1420, 9, 911528, 3940144, 4, 192184320, 0.0, 0.0, 81.2120852357702664
Exp_02, 3, 18008, 2025-02-13T11:00:11.625448, SUCCESS, 2334, 9, 943486, 4010499, 4, 192184320, 0.0, 0.0, 80.9550089473423920
Exp_02, 3, 18008, 2025-02-13T11:00:13.166078, SUCCESS, 1360, 9, 943487, 4112810, 4, 192184320, 0.0, 0.0, 81.3403563912483780
Exp_02, 3, 18006, 2025-02-13T11:00:13.962950, SUCCESS, 1156, 9, 943487, 4215365, 4, 192184320, 0.0, 0.0, 81.7112993355886155
Exp_02, 3, 18008, 2025-02-13T11:00:15.123766, SUCCESS, 1564, 10, 944029, 4317169, 4, 192184320, 0.0, 0.0, 82.0567672990068042
Exp_02, 3, 18007, 2025-02-13T11:00:14.528919, SUCCESS, 2224, 10, 965623, 4397872, 4, 192184320, 0.0, 0.0, 81.9963848199727976
Exp_02, 3, 18007, 2025-02-13T11:00:12.950826, SUCCESS, 5273, 12, 984413, 4477331, 5, 258834432, 0.0, 0.0, 81.9762149232919009
Exp_02, 3, 18007, 2025-02-13T11:00:16.755628, SUCCESS, 1805, 10, 986738, 4577308, 5, 258834432, 0.0, 0.0, 82.2658187944528137
Exp_02, 3, 18006, 2025-02-13T11:00:16.691454, SUCCESS, 2808, 10, 1017571, 4649037, 5, 258834432, 0.0, 0.0, 82.0426787947922284
Exp_02, 3, 18006, 2025-02-13T11:00:18.564714, SUCCESS, 1593, 10, 1017578, 4751603, 5, 258834432, 0.0, 0.0, 82.3618291747130139
Exp_02, 3, 18007, 2025-02-13T11:00:19.506080, SUCCESS, 1191, 10, 1017579, 4853926, 5, 258834432, 0.0, 0.0, 82.6691963985383645
Exp_02, 3, 18006, 2025-02-13T11:00:20.699642, SUCCESS, 1395, 10, 1019564, 4954480, 5, 258834432, 0.0, 0.0, 82.9334367138909590
Exp_02, 3, 18008, 2025-02-13T11:00:20.160765, SUCCESS, 2145, 10, 1043565, 5032764, 5, 258834432, 0.0, 0.0, 82.8257324447046893
Exp_02, 3, 18008, 2025-02-13T11:00:18.227334, SUCCESS, 5592, 10, 1064049, 5212846, 6, 325484544, 0.0, 0.0, 83.0481631443572021
Exp_02, 3, 18008, 2025-02-13T11:00:22.309035, SUCCESS, 1552, 12, 1064049, 5212846, 6, 325484544, 0.0, 0.0, 83.0481631443572021
Exp_02, 3, 18007, 2025-02-13T11:00:22.097929, SUCCESS, 2115, 10, 1093245, 5285946, 6, 325484544, 0.0, 0.0, 82.8623253324755443
Exp_02, 3, 18008, 2025-02-13T11:00:24.219666, SUCCESS, 1222, 10, 1094803, 5386705, 6, 325484544, 0.0, 0.0, 83.1088228233306200
Exp_02, 3, 18006, 2025-02-13T11:00:23.824608, SUCCESS, 2331, 10, 1137344, 5446734, 6, 325484544, 0.0, 0.0, 82.7258425553281720
Exp_02, 3, 18006, 2025-02-13T11:00:25.445156, SUCCESS, 1252, 10, 1141537, 5545092, 6, 325484544, 0.0, 0.0, 82.9280643505120443
Exp_02, 3, 18007, 2025-02-13T11:00:26.160088, SUCCESS, 1920, 10, 1160363, 5628586, 7, 353296384, 0.0, 0.0, 82.9080613214210329
Exp_02, 3, 18007, 2025-02-13T11:00:23.868317, SUCCESS, 5115, 12, 1170783, 5716395, 8, 419946496, 0.0, 0.0, 83.0005410053290332
Exp_02, 3, 18008, 2025-02-13T11:00:26.700807, SUCCESS, 2342, 10, 1199986, 5789458, 8, 419946496, 0.0, 0.0, 82.8314526877960536
Exp_02, 3, 18006, 2025-02-13T11:00:28.082959, SUCCESS, 2182, 10, 1222877, 5869094, 8, 419946496, 0.0, 0.0, 82.7568809855539454
Exp_02, 3, 18008, 2025-02-13T11:00:29.045423, SUCCESS, 1386, 8, 1223505, 5970777, 8, 419946496, 0.0, 0.0, 82.9933689004684554
Exp_02, 3, 18007, 2025-02-13T11:00:28.986389, SUCCESS, 4523, 8, 1256466, 6036045, 9, 486596608, 0.0, 0.0, 82.7704613678333841
Exp_02, 5, 18006, 2025-02-13T11:00:38.524781, SUCCESS, 1041, 8, 1267304, 6128528, 9, 486596608, 0.0, 0.0, 82.8646188826355169
Exp_02, 5, 18007, 2025-02-13T11:00:39.568914, SUCCESS, 1158, 10, 1276287, 6221841, 9, 486596608, 0.0, 0.0, 82.9785914564275243
Exp_02, 5, 18008, 2025-02-13T11:00:39.770167, SUCCESS, 2639, 10, 1308516, 6291902, 10, 520142848, 0.0, 0.0, 82.7836311108152210
Exp_02, 5, 18006, 2025-02-13T11:00:40.733430, SUCCESS, 1998, 10, 1346977, 6355999, 10, 520142848, 0.0, 0.0, 82.5135506069342550
Exp_02, 5, 18006, 2025-02-13T11:00:42.413355, SUCCESS, 1372, 10, 1346977, 6458549, 10, 520142848, 0.0, 0.0, 82.7432898180084212
Exp_02, 5, 18007, 2025-02-13T11:00:42.734847, SUCCESS, 2046, 10, 1348186, 6559660, 11, 547962880, 0.0, 0.0, 82.9512866082622246
Exp_02, 5, 18007, 2025-02-13T11:00:41.023130, SUCCESS, 4106, 11, 1351131, 6654964, 12, 614612992, 0.0, 0.0, 83.1237201157368230
Exp_02, 5, 18006, 2025-02-13T11:00:43.787999, SUCCESS, 1498, 11, 1351165, 6757934, 12, 614612992, 0.0, 0.0, 83.3376679702640207
Exp_02, 5, 18007, 2025-02-13T11:00:44.786670, SUCCESS, 1326, 11, 1351165, 6860613, 12, 614612992, 0.0, 0.0, 83.5460115945657566
Exp_02, 5, 18008, 2025-02-13T11:00:45.148422, SUCCESS, 2400, 11, 1370045, 6953238, 12, 614612992, 0.0, 0.0, 83.5396081089637346
Exp_02, 5, 18007, 2025-02-13T11:00:46.121340, SUCCESS, 3432, 12, 1396168, 7038612, 12, 614612992, 0.0, 0.0, 83.4474876641714425
Exp_02, 5, 18008, 2025-02-13T11:00:47.554437, SUCCESS, 2501, 12, 1399952, 7145940, 12, 614612992, 0.0, 0.0, 83.6184215761210181
Exp_02, 5, 18008, 2025-02-13T11:00:43.520762, SUCCESS, 6942, 12, 1423818, 7336236, 14, 747913216, 0.0, 0.0, 83.7464700560065041
Exp_02, 5, 18008, 2025-02-13T11:00:42.273416, SUCCESS, 8189, 12, 1423818, 7336236, 14, 747913216, 0.0, 0.0, 83.7464700560065041
Exp_02, 5, 18006, 2025-02-13T11:00:45.294180, SUCCESS, 6424, 13, 1440370, 7427750, 15, 814563328, 0.0, 0.0, 83.7578878048560462
Exp_02, 5, 18006, 2025-02-13T11:00:49.563033, SUCCESS, 2524, 12, 1459257, 7511791, 17, 870187008, 0.0, 0.0, 83.7337064744275139
Exp_02, 5, 18007, 2025-02-13T11:00:50.060484, SUCCESS, 2469, 12, 1479107, 7594263, 18, 897998848, 0.0, 0.0, 83.6983722696197774
Exp_02, 5, 18008, 2025-02-13T11:00:52.090343, SUCCESS, 1840, 12, 1489595, 7686106, 18, 897998848, 0.0, 0.0, 83.7658724930117056
Exp_02, 5, 18006, 2025-02-13T11:00:52.532745, SUCCESS, 1871, 12, 1496730, 7781541, 18, 897998848, 0.0, 0.0, 83.8684384191839191
Exp_02, 5, 18006, 2025-02-13T11:00:50.469895, SUCCESS, 4539, 14, 1504192, 7881361, 19, 964648960, 0.0, 0.0, 83.9733258125546785
Exp_02, 5, 18008, 2025-02-13T11:00:54.408360, SUCCESS, 1593, 12, 1504192, 7983696, 19, 964648960, 0.0, 0.0, 84.1461872231206776
Exp_02, 5, 18008, 2025-02-13T11:00:50.469895, SUCCESS, 6326, 14, 1516843, 8078066, 20, 1031299072, 0.0, 0.0, 84.1911684623585278
Exp_02, 5, 18007, 2025-02-13T11:00:53.936274, SUCCESS, 3244, 12, 1541126, 8156082, 20, 1031299072, 0.0, 0.0, 84.1075286824826280
Exp_02, 5, 18007, 2025-02-13T11:00:56.005305, SUCCESS, 1394, 12, 1541126, 8258401, 20, 1031299072, 0.0, 0.0, 84.2734654437913177
Exp_02, 5, 18007, 2025-02-13T11:00:51.726524, SUCCESS, 6454, 14, 1562810, 8343744, 21, 1097949184, 0.0, 0.0, 84.2244841142540585
Exp_02, 5, 18007, 2025-02-13T11:00:57.402284, SUCCESS, 1266, 12, 1562810, 8446078, 21, 1097949184, 0.0, 0.0, 84.3857779205841848
Exp_02, 5, 18006, 2025-02-13T11:00:57.185250, SUCCESS, 2887, 10, 1587660, 8626356, 22, 1125761024, 0.0, 0.0, 84.4560650776344975
Exp_02, 5, 18006, 2025-02-13T11:00:58.671567, SUCCESS, 1411, 10, 1587660, 8626356, 22, 1125761024, 0.0, 0.0, 84.4560650776344975
Exp_02, 5, 18006, 2025-02-13T11:00:55.028180, SUCCESS, 6154, 14, 1609067, 8703453, 23, 1192411136, 0.0, 0.0, 84.3969563210544077
Exp_02, 5, 18008, 2025-02-13T11:00:56.800029, SUCCESS, 5341, 14, 1624490, 8786273, 24, 1259061248, 0.0, 0.0, 84.3960524315076618
Exp_02, 5, 18008, 2025-02-13T11:01:00.085206, SUCCESS, 2399, 10, 1643609, 8940029, 25, 1286881280, 0.0, 0.0, 84.4702832806639834
Exp_02, 5, 18007, 2025-02-13T11:01:00.076610, SUCCESS, 2427, 10, 1653072, 8962321, 25, 1286881280, 0.0, 0.0, 84.4275949086388040
Exp_02, 5, 18008, 2025-02-13T11:00:58.183579, SUCCESS, 5332, 14, 1672803, 9040833, 26, 1353531392, 0.0, 0.0, 84.3862251806949573
Exp_02, 5, 18008, 2025-02-13T11:01:02.487594, SUCCESS, 1692, 12, 1681568, 9134419, 26, 1353531392, 0.0, 0.0, 84.4529398935113365
Exp_02, 5, 18006, 2025-02-13T11:01:02.506109, SUCCESS, 2360, 12, 1697653, 9220855, 27, 1381343232, 0.0, 0.0, 84.4516027281383134
Exp_02, 5, 18008, 2025-02-13T11:01:04.182790, SUCCESS, 2723, 12, 1712136, 9308660, 29, 1436975104, 0.0, 0.0, 84.4644978457091484
Exp_02, 5, 18006, 2025-02-13T11:01:04.869485, SUCCESS, 2339, 12, 1732929, 9390444, 29, 1436975104, 0.0, 0.0, 84.4208317027577876
Exp_02, 5, 18006, 2025-02-13T11:01:01.188848, SUCCESS, 6225, 14, 1752986, 9468891, 30, 1503625216, 0.0, 0.0, 84.3788521296392751
Exp_02, 5, 18007, 2025-02-13T11:01:02.144868, SUCCESS, 5473, 14, 1770039, 9550087, 31, 1570275328, 0.0, 0.0, 84.3637871168571799
Exp_02, 5, 18007, 2025-02-13T11:01:03.518396, SUCCESS, 4668, 14, 1784553, 9633822, 32, 1636925440, 0.0, 0.0, 84.3712174455647148
Exp_02, 5, 18007, 2025-02-13T11:01:06.910508, SUCCESS, 2163, 12, 1799905, 9720770, 32, 1636925440, 0.0, 0.0, 84.3767400781638229
Exp_02, 5, 18008, 2025-02-13T11:01:07.212457, SUCCESS, 2757, 10, 1829396, 9793570, 33, 1664745472, 0.0, 0.0, 84.2605063113838585
Exp_02, 5, 18007, 2025-02-13T11:01:07.624448, SUCCESS, 3056, 10, 1831604, 9889611, 34, 1731395584, 0.0, 0.0, 84.3735994945916443
Exp_02, 5, 18008, 2025-02-13T11:01:08.189786, SUCCESS, 2723, 10, 1832510, 9986948, 35, 1798045696, 0.0, 0.0, 84.4958203667207075
Exp_02, 5, 18006, 2025-02-13T11:01:07.419728, SUCCESS, 3970, 10, 1850591, 10067371, 36, 1864695808, 0.0, 0.0, 84.4722528902173039
Exp_02, 8, 18008, 2025-02-13T11:01:16.400461, SUCCESS, 949, 9, 1851798, 10131013, 36, 1864695808, 0.0, 0.0, 84.5462137389966344
Exp_02, 8, 18006, 2025-02-13T11:01:17.355779, SUCCESS, 1873, 9, 1895798, 10329356, 36, 1864695808, 0.0, 0.0, 84.4926452460230767
Exp_02, 8, 18007, 2025-02-13T11:01:17.541892, SUCCESS, 1687, 9, 1895798, 10329356, 36, 1864695808, 0.0, 0.0, 84.4926452460230767
Exp_02, 8, 18006, 2025-02-13T11:01:19.231611, SUCCESS, 1128, 11, 1897858, 10429872, 36, 1864695808, 0.0, 0.0, 84.6049678245711092
Exp_02, 8, 18007, 2025-02-13T11:01:19.231611, SUCCESS, 2358, 11, 1925770, 10504269, 36, 1864695808, 0.0, 0.0, 84.5071282559934044
Exp_02, 8, 18006, 2025-02-13T11:01:20.362311, SUCCESS, 1390, 11, 1927373, 10605237, 36, 1864695808, 0.0, 0.0, 84.6211363794133864
Exp_02, 8, 18006, 2025-02-13T11:01:21.756029, SUCCESS, 1325, 11, 1927373, 10707799, 36, 1864695808, 0.0, 0.0, 84.7459694256635367
Exp_02, 8, 18008, 2025-02-13T11:01:21.594401, SUCCESS, 2325, 11, 1941507, 10795993, 36, 1864695808, 0.0, 0.0, 84.7575505397448479
Exp_02, 8, 18008, 2025-02-13T11:01:23.086343, SUCCESS, 1283, 11, 1943556, 10896278, 36, 1864695808, 0.0, 0.0, 84.8630753325938638
Exp_02, 8, 18008, 2025-02-13T11:01:18.686983, SUCCESS, 7699, 13, 1955252, 10982825, 37, 1931345920, 0.0, 0.0, 84.8876150605688929
Exp_02, 8, 18008, 2025-02-13T11:01:19.832417, SUCCESS, 6729, 13, 1971859, 11064461, 38, 1997996032, 0.0, 0.0, 84.8741132466831130
Exp_02, 8, 18007, 2025-02-13T11:01:23.922468, SUCCESS, 2898, 11, 1977725, 11160913, 38, 1997996032, 0.0, 0.0, 84.9472601345740708
Exp_02, 8, 18008, 2025-02-13T11:01:24.373227, SUCCESS, 2789, 11, 1977725, 11263219, 40, 2053627904, 0.0, 0.0, 85.0635649542812053
Exp_02, 8, 18007, 2025-02-13T11:01:20.975436, SUCCESS, 8064, 13, 1999234, 11455884, 42, 2186928128, 0.0, 0.0, 85.1414606694642143
Exp_02, 8, 18007, 2025-02-13T11:01:22.118272, SUCCESS, 6922, 13, 1999234, 11455884, 42, 2186928128, 0.0, 0.0, 85.1414606694642143
Exp_02, 8, 18006, 2025-02-13T11:01:26.825554, SUCCESS, 2788, 11, 2006758, 11550888, 42, 2186928128, 0.0, 0.0, 85.1983301525943368
Exp_02, 8, 18007, 2025-02-13T11:01:27.167579, SUCCESS, 2634, 11, 2019213, 11640743, 42, 2186928128, 0.0, 0.0, 85.2180124152669306
Exp_02, 8, 18008, 2025-02-13T11:01:26.565872, SUCCESS, 3955, 13, 2019213, 11738986, 43, 2253578240, 0.0, 0.0, 85.3235659696447188
Exp_02, 8, 18007, 2025-02-13T11:01:29.617448, SUCCESS, 2493, 11, 2019218, 11841286, 43, 2253578240, 0.0, 0.0, 85.4318573119707624
Exp_02, 8, 18006, 2025-02-13T11:01:23.258454, SUCCESS, 9149, 13, 2046722, 12028466, 45, 2386878464, 0.0, 0.0, 85.4586524883362126
Exp_02, 8, 18006, 2025-02-13T11:01:24.396135, SUCCESS, 8030, 13, 2046722, 12028466, 45, 2386878464, 0.0, 0.0, 85.4586524883362126
Exp_02, 8, 18008, 2025-02-13T11:01:29.803892, SUCCESS, 3109, 11, 2059074, 12118441, 45, 2386878464, 0.0, 0.0, 85.4764815977976394
Exp_02, 8, 18007, 2025-02-13T11:01:26.393367, SUCCESS, 6615, 13, 2069560, 12206204, 46, 2453528576, 0.0, 0.0, 85.5029825373969477
Exp_02, 8, 18008, 2025-02-13T11:01:29.054973, SUCCESS, 5624, 13, 2080048, 12294259, 47, 2520178688, 0.0, 0.0, 85.5294032609711202
Exp_02, 8, 18007, 2025-02-13T11:01:32.927200, SUCCESS, 2580, 10, 2101107, 12408496, 47, 2520178688, 0.0, 0.0, 85.5191971827209883
Exp_02, 8, 18007, 2025-02-13T11:01:32.115245, SUCCESS, 3445, 11, 2113705, 12465213, 47, 2520178688, 0.0, 0.0, 85.5016332487774470
Exp_02, 8, 18006, 2025-02-13T11:01:30.524596, SUCCESS, 7366, 13, 2137563, 12539859, 48, 2586828800, 0.0, 0.0, 85.4363865806951657
Exp_02, 8, 18006, 2025-02-13T11:01:32.432861, SUCCESS, 5899, 13, 2168615, 12706415, 50, 2720129024, 0.0, 0.0, 85.4211050330654795
Exp_02, 8, 18006, 2025-02-13T11:01:29.054972, SUCCESS, 9352, 13, 2168615, 12706415, 50, 2720129024, 0.0, 0.0, 85.4211050330654795
Exp_02, 8, 18007, 2025-02-13T11:01:35.510259, SUCCESS, 3750, 9, 2189292, 12891140, 52, 2775760896, 0.0, 0.0, 85.4825644252101001
Exp_02, 8, 18008, 2025-02-13T11:01:35.563263, SUCCESS, 3761, 11, 2189292, 12891140, 52, 2775760896, 0.0, 0.0, 85.4825644252101001
Exp_02, 8, 18008, 2025-02-13T11:01:33.029407, SUCCESS, 6676, 13, 2196048, 12982627, 53, 2842411008, 0.0, 0.0, 85.5320177815257261
Exp_02, 8, 18008, 2025-02-13T11:01:32.413644, SUCCESS, 7374, 13, 2209790, 13067428, 54, 2909061120, 0.0, 0.0, 85.5353900166902115
Exp_02, 8, 18006, 2025-02-13T11:01:39.267395, SUCCESS, 2170, 11, 2209790, 13169937, 55, 2936881152, 0.0, 0.0, 85.6317995761563258
Exp_02, 8, 18007, 2025-02-13T11:01:39.333054, SUCCESS, 2592, 11, 2229745, 13252292, 55, 2936881152, 0.0, 0.0, 85.5978576979243752
Exp_02, 8, 18006, 2025-02-13T11:01:37.897394, SUCCESS, 5017, 13, 2239876, 13340665, 56, 3003531264, 0.0, 0.0, 85.6238881563868674
Exp_02, 8, 18006, 2025-02-13T11:01:34.681901, SUCCESS, 9049, 13, 2275234, 13403811, 57, 3070181376, 0.0, 0.0, 85.4886952617330966
Exp_02, 8, 18007, 2025-02-13T11:01:41.441007, SUCCESS, 2513, 11, 2282529, 13498833, 57, 3070181376, 0.0, 0.0, 85.5365525485062696
Exp_02, 8, 18006, 2025-02-13T11:01:39.827366, SUCCESS, 4836, 13, 2282529, 13597337, 58, 3136831488, 0.0, 0.0, 85.6262703979995801
Exp_02, 8, 18008, 2025-02-13T11:01:41.928272, SUCCESS, 2972, 11, 2299594, 13682622, 58, 3136831488, 0.0, 0.0, 85.6115447319695842
Exp_02, 8, 18007, 2025-02-13T11:01:38.336343, SUCCESS, 6831, 15, 2314208, 13766745, 59, 3203481600, 0.0, 0.0, 85.6090121027031172
Exp_02, 8, 18008, 2025-02-13T11:01:43.958304, SUCCESS, 1689, 14, 2320811, 13862472, 59, 3203481600, 0.0, 0.0, 85.6592077145286281
Exp_02, 8, 18008, 2025-02-13T11:01:39.729317, SUCCESS, 7170, 16, 2334305, 13947253, 60, 3270131712, 0.0, 0.0, 85.6628892640372623
Exp_02, 8, 18008, 2025-02-13T11:01:38.412183, SUCCESS, 9082, 16, 2345301, 14034892, 61, 3336781824, 0.0, 0.0, 85.6820917799930685
Exp_02, 8, 18008, 2025-02-13T11:01:45.170528, SUCCESS, 2509, 14, 2345301, 14137235, 61, 3336781824, 0.0, 0.0, 85.7709942207922373
Exp_02, 8, 18006, 2025-02-13T11:01:45.658085, SUCCESS, 2254, 12, 2346214, 14248002, 61, 3336781824, 0.0, 0.0, 85.8612543069223638
Exp_02, 8, 18006, 2025-02-13T11:01:42.923487, SUCCESS, 6157, 11, 2363790, 14328930, 62, 3403431936, 0.0, 0.0, 85.8393958563972798
Exp_02, 8, 18006, 2025-02-13T11:01:44.668152, SUCCESS, 4626, 11, 2367182, 14424042, 63, 3470082048, 0.0, 0.0, 85.9022665649627448
Exp_02, 8, 18007, 2025-02-13T11:01:44.969693, SUCCESS, 6164, 9, 2410094, 14586406, 65, 3603382272, 0.0, 0.0, 85.8200570705733533
Exp_02, 8, 18007, 2025-02-13T11:01:43.737854, SUCCESS, 7414, 8, 2410094, 14586406, 65, 3603382272, 0.0, 0.0, 85.8200570705733533
Exp_02, 13, 18006, 2025-02-13T11:01:56.166172, SUCCESS, 1014, 7, 2415536, 14683543, 65, 3603382272, 0.0, 0.0, 85.8732976202987307
Exp_02, 13, 18007, 2025-02-13T11:01:57.183227, SUCCESS, 1293, 9, 2424791, 14776629, 65, 3603382272, 0.0, 0.0, 85.9035416843493153
Exp_02, 13, 18008, 2025-02-13T11:01:57.249505, SUCCESS, 2030, 9, 2449597, 14862943, 65, 3603382272, 0.0, 0.0, 85.8507359405378991
Exp_02, 13, 18007, 2025-02-13T11:01:58.479810, SUCCESS, 1816, 9, 2463465, 14951417, 65, 3603382272, 0.0, 0.0, 85.8542538502414200
Exp_02, 13, 18008, 2025-02-13T11:01:59.282122, SUCCESS, 1559, 9, 2471932, 15045288, 65, 3603382272, 0.0, 0.0, 85.8885599427306388
Exp_02, 13, 18007, 2025-02-13T11:02:00.299786, SUCCESS, 1270, 9, 2471932, 15147631, 65, 3603382272, 0.0, 0.0, 85.9705260567472644
Exp_02, 13, 18006, 2025-02-13T11:02:00.844161, SUCCESS, 2016, 11, 2486071, 15236061, 65, 3603382272, 0.0, 0.0, 85.9719417505749308
Exp_02, 13, 18007, 2025-02-13T11:02:01.572006, SUCCESS, 1715, 9, 2493897, 15330571, 65, 3603382272, 0.0, 0.0, 86.0085754032041798
Exp_02, 13, 18006, 2025-02-13T11:01:59.426131, SUCCESS, 6350, 17, 2501111, 15430891, 66, 3670032384, 0.0, 0.0, 86.0522489346142165
Exp_02, 13, 18006, 2025-02-13T11:01:58.338067, SUCCESS, 7838, 17, 2517002, 15522342, 67, 3736682496, 0.0, 0.0, 86.0471533776394530
Exp_02, 13, 18006, 2025-02-13T11:02:02.675922, SUCCESS, 3913, 13, 2536173, 15669007, 68, 3764502528, 0.0, 0.0, 86.0689485080619911
Exp_02, 13, 18008, 2025-02-13T11:02:03.291882, SUCCESS, 3381, 15, 2537078, 15715950, 69, 3792322560, 0.0, 0.0, 86.1005089128225739
Exp_02, 13, 18008, 2025-02-13T11:02:00.511213, SUCCESS, 6964, 17, 2551879, 15808230, 70, 3858972672, 0.0, 0.0, 86.1009594224086578
Exp_02, 13, 18008, 2025-02-13T11:02:01.593183, SUCCESS, 6206, 17, 2562493, 15904697, 71, 3925622784, 0.0, 0.0, 86.1240773501545173
Exp_02, 13, 18006, 2025-02-13T11:02:03.761757, SUCCESS, 4505, 17, 2562493, 16012039, 72, 3992272896, 0.0, 0.0, 86.2042661424793906
Exp_02, 13, 18008, 2025-02-13T11:02:06.594585, SUCCESS, 2893, 15, 2565646, 16111525, 72, 3992272896, 0.0, 0.0, 86.2631979971699140
Exp_02, 13, 18006, 2025-02-13T11:02:06.680751, SUCCESS, 3612, 15, 2565646, 16214082, 73, 4020092928, 0.0, 0.0, 86.3382153351741836
Exp_02, 13, 18006, 2025-02-13T11:02:05.928494, SUCCESS, 5458, 17, 2565646, 16321424, 74, 4086743040, 0.0, 0.0, 86.4158601625344746
Exp_02, 13, 18007, 2025-02-13T11:02:02.863933, SUCCESS, 13468, 13, 2606103, 16682409, 77, 4247863296, 0.0, 0.0, 86.4888333532415564
Exp_02, 13, 18008, 2025-02-13T11:02:10.295918, SUCCESS, 6075, 15, 2606103, 16682409, 77, 4247863296, 0.0, 0.0, 86.4888333532415564
Exp_02, 13, 18007, 2025-02-13T11:02:09.491213, SUCCESS, 6883, 15, 2606103, 16682409, 77, 4247863296, 0.0, 0.0, 86.4888333532415564
Exp_02, 13, 18008, 2025-02-13T11:02:07.487781, SUCCESS, 9013, 17, 2606103, 16682409, 77, 4247863296, 0.0, 0.0, 86.4888333532415564
Exp_02, 13, 18008, 2025-02-13T11:02:05.794005, SUCCESS, 11232, 22, 2611852, 16874167, 79, 4381163520, 0.0, 0.0, 86.5962770538199722
Exp_02, 13, 18006, 2025-02-13T11:02:07.835159, SUCCESS, 9514, 22, 2611852, 16874167, 79, 4381163520, 0.0, 0.0, 86.5962770538199722
Exp_02, 13, 18008, 2025-02-13T11:02:08.277950, SUCCESS, 9596, 22, 2611852, 17080052, 81, 4514463744, 0.0, 0.0, 86.7364171590517606
Exp_02, 13, 18006, 2025-02-13T11:02:09.166721, SUCCESS, 8946, 22, 2611852, 17080052, 81, 4514463744, 0.0, 0.0, 86.7364171590517606
Exp_02, 13, 18007, 2025-02-13T11:02:08.088479, SUCCESS, 10751, 22, 2633312, 17371315, 84, 4714414080, 0.0, 0.0, 86.8364853791075435
Exp_02, 13, 18007, 2025-02-13T11:02:04.842993, SUCCESS, 14058, 22, 2636366, 17475348, 85, 4781064192, 0.0, 0.0, 86.8913907586394675
Exp_02, 13, 18007, 2025-02-13T11:02:06.184137, SUCCESS, 12807, 22, 2636366, 17475348, 85, 4781064192, 0.0, 0.0, 86.8913907586394675
Exp_02, 13, 18007, 2025-02-13T11:02:07.011561, SUCCESS, 11995, 22, 2636366, 17475348, 85, 4781064192, 0.0, 0.0, 86.8913907586394675
Exp_02, 13, 18006, 2025-02-13T11:02:11.394633, SUCCESS, 8303, 22, 2656373, 17554145, 86, 4847714304, 0.0, 0.0, 86.8564823524068013
Exp_02, 13, 18007, 2025-02-13T11:02:16.340552, SUCCESS, 5503, 20, 2667074, 17645788, 87, 4875526144, 0.0, 0.0, 86.8700235348421114
Exp_02, 13, 18006, 2025-02-13T11:02:16.380961, SUCCESS, 8570, 22, 2671113, 17740253, 88, 4942176256, 0.0, 0.0, 86.9136000010974278
Exp_02, 13, 18008, 2025-02-13T11:02:21.851619, SUCCESS, 4197, 20, 2671114, 17842580, 88, 4942176256, 0.0, 0.0, 86.9788737221097283
Exp_02, 13, 18008, 2025-02-13T11:02:16.379180, SUCCESS, 10253, 20, 2708655, 18005875, 90, 5036646400, 0.0, 0.0, 86.9238886906919925
Exp_02, 13, 18006, 2025-02-13T11:02:17.355808, SUCCESS, 9665, 22, 2708655, 18005875, 90, 5036646400, 0.0, 0.0, 86.9238886906919925
Exp_02, 13, 18007, 2025-02-13T11:02:17.879877, SUCCESS, 9495, 22, 2711949, 18199079, 92, 5169946624, 0.0, 0.0, 87.0310106227202221
Exp_02, 13, 18007, 2025-02-13T11:02:16.535026, SUCCESS, 11082, 22, 2711949, 18199079, 92, 5169946624, 0.0, 0.0, 87.0310106227202221
Exp_02, 13, 18007, 2025-02-13T11:02:18.991762, SUCCESS, 8972, 22, 2711949, 18297628, 93, 5236596736, 0.0, 0.0, 87.0918438767234581
Exp_02, 13, 18008, 2025-02-13T11:02:17.034269, SUCCESS, 11186, 22, 2725255, 18579357, 96, 5436547072, 0.0, 0.0, 87.2081453536914918
Exp_02, 13, 18007, 2025-02-13T11:02:19.727629, SUCCESS, 8505, 22, 2725255, 18579357, 96, 5436547072, 0.0, 0.0, 87.2081453536914918
Exp_02, 13, 18008, 2025-02-13T11:02:18.130489, SUCCESS, 10138, 22, 2727481, 18675374, 97, 5503197184, 0.0, 0.0, 87.2564618131553010
Exp_02, 13, 18008, 2025-02-13T11:02:18.997986, SUCCESS, 9306, 22, 2727481, 18675374, 97, 5503197184, 0.0, 0.0, 87.2564618131553010
Exp_02, 13, 18007, 2025-02-13T11:02:26.057784, SUCCESS, 4182, 20, 2746887, 18758315, 98, 5531009024, 0.0, 0.0, 87.2268718982504791
Exp_02, 13, 18006, 2025-02-13T11:02:19.030166, SUCCESS, 13191, 22, 2798551, 19002763, 101, 5730959360, 0.0, 0.0, 87.1633838217274427
Exp_02, 13, 18006, 2025-02-13T11:02:18.848802, SUCCESS, 13409, 22, 2798551, 19002763, 101, 5730959360, 0.0, 0.0, 87.1633838217274427
Exp_02, 13, 18006, 2025-02-13T11:02:24.959420, SUCCESS, 7313, 22, 2798551, 19002763, 101, 5730959360, 0.0, 0.0, 87.1633838217274427
Exp_02, 13, 18008, 2025-02-13T11:02:26.640319, SUCCESS, 5713, 20, 2818887, 19084731, 102, 5758771200, 0.0, 0.0, 87.1304959755963604
Exp_02, 13, 18008, 2025-02-13T11:02:30.246406, SUCCESS, 3246, 20, 2829899, 19176048, 102, 5758771200, 0.0, 0.0, 87.1402989382824561
Exp_02, 13, 18007, 2025-02-13T11:02:27.380026, SUCCESS, 6352, 22, 2832178, 19272018, 103, 5825421312, 0.0, 0.0, 87.1871476347748636
Exp_02, 13, 18007, 2025-02-13T11:02:28.228326, SUCCESS, 6759, 22, 2833919, 19368526, 104, 5892071424, 0.0, 0.0, 87.2360048634283296
Exp_02, 13, 18007, 2025-02-13T11:02:28.325715, SUCCESS, 6781, 22, 2835705, 19464989, 105, 5958721536, 0.0, 0.0, 87.2842298091709612
Exp_02, 13, 18008, 2025-02-13T11:02:28.242806, SUCCESS, 10322, 20, 2858869, 19700045, 107, 6092021760, 0.0, 0.0, 87.3270982814154972
Exp_02, 13, 18008, 2025-02-13T11:02:27.626381, SUCCESS, 10988, 20, 2864033, 19736437, 108, 6119841792, 0.0, 0.0, 87.3275511526972669
Exp_02, 13, 18006, 2025-02-13T11:02:32.360656, SUCCESS, 6262, 20, 2864033, 19736437, 108, 6119841792, 0.0, 0.0, 87.3275511526972669
Exp_02, 13, 18007, 2025-02-13T11:02:33.500124, SUCCESS, 9495, 20, 2894666, 19808117, 109, 6147653632, 0.0, 0.0, 87.2497305726791293
Exp_02, 13, 18006, 2025-02-13T11:02:28.280040, SUCCESS, 15570, 22, 2925006, 20073289, 112, 6347603968, 0.0, 0.0, 87.2816397911236463
Exp_02, 13, 18006, 2025-02-13T11:02:27.969557, SUCCESS, 16155, 22, 2925006, 20073289, 112, 6347603968, 0.0, 0.0, 87.2816397911236463
Exp_02, 13, 18006, 2025-02-13T11:02:27.029947, SUCCESS, 17201, 22, 2932984, 20163815, 113, 6414254080, 0.0, 0.0, 87.3013398956279613
Exp_02, 13, 18006, 2025-02-13T11:02:32.231039, SUCCESS, 12218, 22, 2932984, 20163815, 113, 6414254080, 0.0, 0.0, 87.3013398956279613
Exp_02, 13, 18006, 2025-02-13T11:02:34.992268, SUCCESS, 10387, 21, 2937462, 20356084, 115, 6547554304, 0.0, 0.0, 87.3893738634727405
Exp_02, 13, 18008, 2025-02-13T11:02:32.278492, SUCCESS, 13187, 22, 2937517, 20356421, 115, 6547554304, 0.0, 0.0, 87.3893499673606069
Exp_02, 13, 18008, 2025-02-13T11:02:33.739412, SUCCESS, 12242, 22, 2949536, 20540894, 117, 6680854528, 0.0, 0.0, 87.4436696135404929
Exp_02, 13, 18007, 2025-02-13T11:02:32.263434, SUCCESS, 13871, 22, 2949536, 20540894, 117, 6680854528, 0.0, 0.0, 87.4436696135404929
Exp_02, 13, 18008, 2025-02-13T11:02:38.573465, SUCCESS, 7960, 20, 2992569, 20796929, 119, 6814154752, 0.0, 0.0, 87.4206298930729854
Exp_02, 13, 18006, 2025-02-13T11:02:38.626476, SUCCESS, 7963, 21, 2992569, 20796929, 119, 6814154752, 0.0, 0.0, 87.4206298930729854
Exp_02, 13, 18007, 2025-02-13T11:02:35.126640, SUCCESS, 11510, 20, 2992569, 20797289, 119, 6814154752, 0.0, 0.0, 87.4208202503772826
Exp_02, 13, 18007, 2025-02-13T11:02:38.626455, SUCCESS, 8144, 21, 2992569, 20895962, 120, 6880804864, 0.0, 0.0, 87.4727793014982797
Exp_02, 13, 18008, 2025-02-13T11:02:43.001706, SUCCESS, 3953, 19, 2997011, 20994246, 120, 6880804864, 0.0, 0.0, 87.5079033999760830
Exp_02, 13, 18008, 2025-02-13T11:02:44.238081, SUCCESS, 5315, 21, 2997011, 21092881, 121, 6947454976, 0.0, 0.0, 87.5590517383805623
Exp_02, 13, 18006, 2025-02-13T11:02:46.640366, SUCCESS, 3506, 20, 3000261, 21201359, 121, 6947454976, 0.0, 0.0, 87.6030571507196626
Exp_02, 13, 18008, 2025-02-13T11:02:46.541288, SUCCESS, 4109, 20, 3000261, 21303690, 122, 6975266816, 0.0, 0.0, 87.6552540778246302
Exp_02, 13, 18008, 2025-02-13T11:02:45.471306, SUCCESS, 6168, 21, 3000261, 21401933, 123, 7041916928, 0.0, 0.0, 87.7049539070134431
Exp_02, 13, 18008, 2025-02-13T11:02:50.151018, SUCCESS, 2398, 20, 3004995, 21499937, 123, 7041916928, 0.0, 0.0, 87.7371828658818559
Exp_02, 13, 18008, 2025-02-13T11:02:46.844884, SUCCESS, 6660, 22, 3004995, 21606958, 124, 7108567040, 0.0, 0.0, 87.7905056945298083
Exp_02, 13, 18006, 2025-02-13T11:02:50.654255, SUCCESS, 3379, 20, 3014166, 21700335, 125, 7136387072, 0.0, 0.0, 87.8040588397880257
Exp_02, 13, 18008, 2025-02-13T11:02:52.551849, SUCCESS, 4862, 20, 3021017, 21795801, 126, 7164207104, 0.0, 0.0, 87.8267350794126789
Exp_02, 13, 18006, 2025-02-13T11:02:45.987380, SUCCESS, 12525, 20, 3025810, 21889512, 127, 7230857216, 0.0, 0.0, 87.8556255464007248
Exp_02, 13, 18006, 2025-02-13T11:02:46.961084, SUCCESS, 12103, 20, 3055615, 22163997, 130, 7430807552, 0.0, 0.0, 87.8839729968882947
Exp_02, 13, 18006, 2025-02-13T11:02:44.653334, SUCCESS, 14468, 20, 3055615, 22163997, 130, 7430807552, 0.0, 0.0, 87.8839729968882947
Exp_02, 13, 18006, 2025-02-13T11:02:43.858865, SUCCESS, 15293, 20, 3055615, 22163997, 130, 7430807552, 0.0, 0.0, 87.8839729968882947
Exp_02, 13, 18007, 2025-02-13T11:02:54.035726, SUCCESS, 6024, 18, 3069648, 22252260, 130, 7430807552, 0.0, 0.0, 87.8775011740821426
Exp_02, 13, 18007, 2025-02-13T11:02:46.662297, SUCCESS, 13614, 18, 3107844, 22731643, 135, 7764058112, 0.0, 0.0, 87.9725011568534623
Exp_02, 13, 18007, 2025-02-13T11:02:46.142172, SUCCESS, 14166, 18, 3107844, 22731643, 135, 7764058112, 0.0, 0.0, 87.9725011568534623
Exp_02, 13, 18007, 2025-02-13T11:02:44.134100, SUCCESS, 16193, 18, 3107844, 22731643, 135, 7764058112, 0.0, 0.0, 87.9725011568534623
Exp_02, 13, 18007, 2025-02-13T11:02:49.561548, SUCCESS, 10820, 18, 3107844, 22731643, 135, 7764058112, 0.0, 0.0, 87.9725011568534623
Exp_02, 13, 18007, 2025-02-13T11:02:45.415309, SUCCESS, 14976, 18, 3107844, 22731643, 135, 7764058112, 0.0, 0.0, 87.9725011568534623
Exp_02, 13, 18006, 2025-02-13T11:02:53.529934, SUCCESS, 6942, 18, 3107845, 22830146, 136, 7830708224, 0.0, 0.0, 88.0181738053652652
Exp_02, 13, 18007, 2025-02-13T11:02:51.647019, SUCCESS, 8922, 18, 3120297, 22924721, 137, 7897358336, 0.0, 0.0, 88.0196012918862256
Exp_02, 21, 18006, 2025-02-13T11:03:05.592944, SUCCESS, 1375, 14, 3129834, 23017777, 137, 7897358336, 0.0, 0.0, 88.0301339957979335
Exp_02, 21, 18007, 2025-02-13T11:03:06.633657, SUCCESS, 1100, 16, 3129834, 23120111, 137, 7897358336, 0.0, 0.0, 88.0767978751955480
Exp_02, 21, 18006, 2025-02-13T11:03:07.687745, SUCCESS, 1267, 14, 3129834, 23222671, 137, 7897358336, 0.0, 0.0, 88.1232011909304258
Exp_02, 21, 18008, 2025-02-13T11:03:06.972494, SUCCESS, 3279, 14, 3168881, 23285973, 138, 7925481472, 0.0, 0.0, 88.0215517348914494
Exp_02, 21, 18006, 2025-02-13T11:03:08.957437, SUCCESS, 1676, 14, 3177360, 23380067, 138, 7925481472, 0.0, 0.0, 88.0358891695343830
Exp_02, 21, 18007, 2025-02-13T11:03:07.737778, SUCCESS, 3633, 16, 3177360, 23478316, 139, 7992131584, 0.0, 0.0, 88.0799871667107598
Exp_02, 21, 18006, 2025-02-13T11:03:10.636659, SUCCESS, 2421, 14, 3188570, 23569641, 139, 7992131584, 0.0, 0.0, 88.0837698753477951
Exp_02, 21, 18008, 2025-02-13T11:03:10.256876, SUCCESS, 3813, 14, 3209783, 23650726, 139, 7992131584, 0.0, 0.0, 88.0501780513541274
Exp_02, 21, 18007, 2025-02-13T11:03:09.790917, SUCCESS, 5085, 16, 3209783, 23748975, 140, 8058781696, 0.0, 0.0, 88.0937282051346727
Exp_02, 21, 18008, 2025-02-13T11:03:13.063395, SUCCESS, 1953, 14, 3209783, 23851320, 140, 8058781696, 0.0, 0.0, 88.1387576847846889
Exp_02, 21, 18007, 2025-02-13T11:03:10.840106, SUCCESS, 4901, 16, 3210417, 23948935, 141, 8125431808, 0.0, 0.0, 88.1793313772729187
Exp_02, 21, 18008, 2025-02-13T11:03:11.373135, SUCCESS, 5482, 19, 3212072, 24045651, 142, 8192081920, 0.0, 0.0, 88.2159195762610105
Exp_02, 21, 18008, 2025-02-13T11:03:08.738448, SUCCESS, 8149, 19, 3232661, 24123697, 143, 8258732032, 0.0, 0.0, 88.1831455780773157
Exp_02, 21, 18007, 2025-02-13T11:03:14.073256, SUCCESS, 4601, 17, 3251696, 24206995, 144, 8286543872, 0.0, 0.0, 88.1578622957663932
Exp_02, 21, 18006, 2025-02-13T11:03:15.018654, SUCCESS, 4112, 19, 3261287, 24300412, 146, 8342167552, 0.0, 0.0, 88.1673223410501653
Exp_02, 21, 18008, 2025-02-13T11:03:14.879339, SUCCESS, 5319, 21, 3261287, 24399047, 147, 8408817664, 0.0, 0.0, 88.2095169205115166
Exp_02, 21, 18006, 2025-02-13T11:03:14.003814, SUCCESS, 9015, 23, 3268024, 24500076, 148, 8475467776, 0.0, 0.0, 88.2310132850285039
Exp_02, 21, 18006, 2025-02-13T11:03:11.897065, SUCCESS, 11380, 23, 3287131, 24579473, 149, 8542117888, 0.0, 0.0, 88.2040488320715362
Exp_02, 21, 18006, 2025-02-13T11:03:16.106378, SUCCESS, 7675, 23, 3288323, 24685623, 150, 8608768000, 0.0, 0.0, 88.2450513059544764
Exp_02, 21, 18006, 2025-02-13T11:03:19.140146, SUCCESS, 5023, 21, 3289336, 24795936, 151, 8636588032, 0.0, 0.0, 88.2880393681072414
Exp_02, 21, 18006, 2025-02-13T11:03:17.156092, SUCCESS, 7584, 23, 3289336, 24903278, 152, 8703238144, 0.0, 0.0, 88.3326320858363825
Exp_02, 21, 18008, 2025-02-13T11:03:18.685460, SUCCESS, 6672, 21, 3314246, 24989484, 152, 8703238144, 0.0, 0.0, 88.2904267388079239
Exp_02, 21, 18006, 2025-02-13T11:03:20.308548, SUCCESS, 9548, 29, 3314246, 25097018, 153, 8769888256, 0.0, 0.0, 88.3347463879114988
Exp_02, 21, 18007, 2025-02-13T11:03:12.948629, SUCCESS, 19619, 29, 3332543, 25185808, 154, 8836538368, 0.0, 0.0, 88.3143909688186389
Exp_02, 21, 18007, 2025-02-13T11:03:15.053774, SUCCESS, 18559, 29, 3337370, 25288068, 155, 8903188480, 0.0, 0.0, 88.3412438964252704
Exp_02, 21, 18007, 2025-02-13T11:03:24.167232, SUCCESS, 10206, 27, 3346407, 25809649, 160, 9197600768, 0.0, 0.0, 88.5224290967200776
Exp_02, 21, 18007, 2025-02-13T11:03:19.257058, SUCCESS, 15193, 29, 3346407, 25809649, 160, 9197600768, 0.0, 0.0, 88.5224290967200776
Exp_02, 21, 18007, 2025-02-13T11:03:16.881208, SUCCESS, 17838, 29, 3346407, 25809649, 160, 9197600768, 0.0, 0.0, 88.5224290967200776
Exp_02, 21, 18007, 2025-02-13T11:03:18.206769, SUCCESS, 16607, 29, 3346407, 25809649, 160, 9197600768, 0.0, 0.0, 88.5224290967200776
Exp_02, 21, 18007, 2025-02-13T11:03:21.354987, SUCCESS, 13475, 29, 3346407, 25809649, 160, 9197600768, 0.0, 0.0, 88.5224290967200776
Exp_02, 21, 18007, 2025-02-13T11:03:25.362433, SUCCESS, 10707, 27, 3346407, 25911965, 161, 9225420800, 0.0, 0.0, 88.5625659554810500
Exp_02, 21, 18007, 2025-02-13T11:03:23.281048, SUCCESS, 13724, 29, 3346407, 26010214, 162, 9292070912, 0.0, 0.0, 88.6008440821578205
Exp_02, 21, 18008, 2025-02-13T11:03:23.450216, SUCCESS, 15602, 29, 3380574, 26717783, 169, 9758621696, 0.0, 0.0, 88.7682440606309507
Exp_02, 21, 18008, 2025-02-13T11:03:16.927546, SUCCESS, 22219, 29, 3380574, 26717783, 169, 9758621696, 0.0, 0.0, 88.7682440606309507
Exp_02, 21, 18008, 2025-02-13T11:03:24.496339, SUCCESS, 14697, 29, 3380574, 26717783, 169, 9758621696, 0.0, 0.0, 88.7682440606309507
Exp_02, 21, 18008, 2025-02-13T11:03:22.402262, SUCCESS, 16808, 29, 3380574, 26717783, 169, 9758621696, 0.0, 0.0, 88.7682440606309507
Exp_02, 21, 18008, 2025-02-13T11:03:25.543195, SUCCESS, 13679, 29, 3380574, 26717783, 169, 9758621696, 0.0, 0.0, 88.7682440606309507
Exp_02, 21, 18008, 2025-02-13T11:03:15.744488, SUCCESS, 23528, 29, 3380574, 26717783, 169, 9758621696, 0.0, 0.0, 88.7682440606309507
Exp_02, 21, 18008, 2025-02-13T11:03:20.235467, SUCCESS, 19045, 29, 3380574, 26717783, 169, 9758621696, 0.0, 0.0, 88.7682440606309507
Exp_02, 21, 18007, 2025-02-13T11:03:29.868776, SUCCESS, 9489, 29, 3380574, 26816332, 170, 9825271808, 0.0, 0.0, 88.8048994158540613
Exp_02, 21, 18006, 2025-02-13T11:03:36.081342, SUCCESS, 5778, 27, 3384095, 26915351, 171, 9853091840, 0.0, 0.0, 88.8311654279091439
Exp_02, 21, 18008, 2025-02-13T11:03:32.581501, SUCCESS, 13241, 28, 3391242, 27006747, 172, 9919741952, 0.0, 0.0, 88.8438606909160997
Exp_02, 21, 18006, 2025-02-13T11:03:24.750246, SUCCESS, 23130, 30, 3399413, 27097804, 173, 9986392064, 0.0, 0.0, 88.8533665219354277
Exp_02, 21, 18006, 2025-02-13T11:03:23.837338, SUCCESS, 25579, 27, 3463213, 27638619, 179, 10347454464, 0.0, 0.0, 88.8649228122639207
Exp_02, 21, 18006, 2025-02-13T11:03:26.582557, SUCCESS, 22872, 27, 3463219, 27638973, 179, 10347454464, 0.0, 0.0, 88.8650324067191148
Exp_02, 21, 18006, 2025-02-13T11:03:33.624366, SUCCESS, 16268, 29, 3463219, 27836052, 181, 10480754688, 0.0, 0.0, 88.9351448473033126
Exp_02, 21, 18006, 2025-02-13T11:03:34.732871, SUCCESS, 15257, 30, 3463219, 27836444, 181, 10480754688, 0.0, 0.0, 88.9352834246170638
Exp_02, 21, 18006, 2025-02-13T11:03:23.041125, SUCCESS, 27090, 30, 3463219, 27836444, 181, 10480754688, 0.0, 0.0, 88.9352834246170638
Exp_02, 21, 18008, 2025-02-13T11:03:34.458415, SUCCESS, 15526, 30, 3463219, 27836444, 181, 10480754688, 0.0, 0.0, 88.9352834246170638
Exp_02, 21, 18007, 2025-02-13T11:03:34.381584, SUCCESS, 15750, 29, 3463219, 27836444, 181, 10480754688, 0.0, 0.0, 88.9352834246170638
Exp_02, 21, 18008, 2025-02-13T11:03:35.128024, SUCCESS, 15071, 29, 3463219, 27836444, 181, 10480754688, 0.0, 0.0, 88.9352834246170638
Exp_02, 21, 18007, 2025-02-13T11:03:41.865134, SUCCESS, 9049, 28, 3470094, 27931933, 182, 10508566528, 0.0, 0.0, 88.9494585811291736
Exp_02, 21, 18007, 2025-02-13T11:03:39.205213, SUCCESS, 12322, 30, 3472538, 28126287, 184, 10641866752, 0.0, 0.0, 89.0105470693926119
Exp_02, 21, 18007, 2025-02-13T11:03:39.280612, SUCCESS, 12311, 29, 3475555, 28221519, 185, 10708516864, 0.0, 0.0, 89.0350920088081316
Exp_02, 21, 18007, 2025-02-13T11:03:37.039719, SUCCESS, 14593, 29, 3475555, 28221911, 185, 10708516864, 0.0, 0.0, 89.0352276109389943
Exp_02, 21, 18007, 2025-02-13T11:03:35.127047, SUCCESS, 16528, 29, 3480657, 28315718, 186, 10775166976, 0.0, 0.0, 89.0532898797425807
Exp_02, 21, 18006, 2025-02-13T11:03:39.363094, SUCCESS, 15168, 30, 3494981, 28399930, 187, 10841817088, 0.0, 0.0, 89.0421986128131852
Exp_02, 21, 18006, 2025-02-13T11:03:39.230959, SUCCESS, 16000, 30, 3499836, 28493879, 188, 10908467200, 0.0, 0.0, 89.0608639853171162
Exp_02, 21, 18006, 2025-02-13T11:03:39.157940, SUCCESS, 16197, 30, 3512082, 28580137, 189, 10975117312, 0.0, 0.0, 89.0562818357932806
Exp_02, 21, 18006, 2025-02-13T11:03:50.933628, SUCCESS, 6800, 28, 3512082, 28682717, 190, 11002937344, 0.0, 0.0, 89.0911510272202662
Exp_02, 21, 18008, 2025-02-13T11:03:49.467321, SUCCESS, 8936, 28, 3524649, 28772788, 191, 11030757376, 0.0, 0.0, 89.0869080416504876
Exp_02, 21, 18006, 2025-02-13T11:03:47.889867, SUCCESS, 10993, 30, 3533231, 28862710, 192, 11097407488, 0.0, 0.0, 89.0935997197920567
Exp_02, 21, 18008, 2025-02-13T11:03:39.286726, SUCCESS, 21028, 30, 3556888, 29035839, 194, 11230707712, 0.0, 0.0, 89.0868659133677277
Exp_02, 21, 18008, 2025-02-13T11:03:39.220449, SUCCESS, 21162, 30, 3556888, 29035839, 194, 11230707712, 0.0, 0.0, 89.0868659133677277
Exp_02, 21, 18008, 2025-02-13T11:03:39.063485, SUCCESS, 23177, 30, 3567622, 29123648, 195, 11297357824, 0.0, 0.0, 89.0869274885925203
Exp_02, 21, 18006, 2025-02-13T11:03:49.952008, SUCCESS, 13197, 30, 3571620, 29432457, 198, 11497308160, 0.0, 0.0, 89.1782460694174238
Exp_02, 21, 18006, 2025-02-13T11:03:50.184827, SUCCESS, 12984, 29, 3571620, 29432457, 198, 11497308160, 0.0, 0.0, 89.1782460694174238
Exp_02, 21, 18008, 2025-02-13T11:03:45.843518, SUCCESS, 17433, 30, 3571676, 29432793, 198, 11497308160, 0.0, 0.0, 89.1782049273387795
Exp_02, 21, 18006, 2025-02-13T11:03:51.646770, SUCCESS, 13483, 26, 3571676, 29744977, 200, 11591778304, 0.0, 0.0, 89.2796074083432090
Exp_02, 21, 18006, 2025-02-13T11:03:58.429774, SUCCESS, 6809, 28, 3571676, 29744977, 200, 11591778304, 0.0, 0.0, 89.2796074083432090
Exp_02, 21, 18008, 2025-02-13T11:03:57.737843, SUCCESS, 7582, 28, 3571676, 29744977, 200, 11591778304, 0.0, 0.0, 89.2796074083432090
Exp_02, 21, 18008, 2025-02-13T11:03:54.544367, SUCCESS, 11244, 30, 3572196, 29949721, 202, 11725078528, 0.0, 0.0, 89.3437001231164674
Exp_02, 21, 18008, 2025-02-13T11:03:51.636509, SUCCESS, 14278, 30, 3573466, 30046694, 203, 11791728640, 0.0, 0.0, 89.3710618866775173
Exp_02, 21, 18008, 2025-02-13T11:03:50.236621, SUCCESS, 15673, 30, 3573466, 30046694, 203, 11791728640, 0.0, 0.0, 89.3710618866775173
Exp_02, 21, 18008, 2025-02-13T11:03:50.184735, SUCCESS, 15884, 30, 3575086, 30241821, 205, 11925028864, 0.0, 0.0, 89.4281106193419759
Exp_02, 21, 18006, 2025-02-13T11:03:55.240962, SUCCESS, 10830, 30, 3575086, 30241821, 205, 11925028864, 0.0, 0.0, 89.4281106193419759
Exp_02, 21, 18008, 2025-02-13T11:04:00.333412, SUCCESS, 6335, 30, 3575088, 30340062, 206, 11991678976, 0.0, 0.0, 89.4587286212798705
Exp_02, 21, 18006, 2025-02-13T11:04:00.398901, SUCCESS, 6372, 30, 3575618, 30438036, 207, 12058329088, 0.0, 0.0, 89.4876980873622105
Exp_02, 21, 18008, 2025-02-13T11:04:05.138355, SUCCESS, 3774, 28, 3589086, 30526885, 207, 12058329088, 0.0, 0.0, 89.4797483559825983
Exp_02, 21, 18006, 2025-02-13T11:04:05.248705, SUCCESS, 3867, 26, 3602845, 30615692, 207, 12058329088, 0.0, 0.0, 89.4710723605746207
Exp_02, 21, 18007, 2025-02-13T11:04:05.334762, SUCCESS, 8747, 26, 3603021, 30713765, 208, 12124979200, 0.0, 0.0, 89.5007038246530430
Exp_02, 21, 18007, 2025-02-13T11:03:58.941316, SUCCESS, 15686, 26, 3643336, 31477058, 216, 12658180096, 0.0, 0.0, 89.6261528273287595
Exp_02, 21, 18007, 2025-02-13T11:04:03.282641, SUCCESS, 11420, 26, 3657504, 31659382, 218, 12791480320, 0.0, 0.0, 89.6437528495575742
Exp_02, 21, 18007, 2025-02-13T11:04:02.255237, SUCCESS, 12490, 26, 3657504, 31659382, 218, 12791480320, 0.0, 0.0, 89.6437528495575742
Exp_02, 21, 18007, 2025-02-13T11:03:51.538269, SUCCESS, 23209, 26, 3657504, 31659382, 218, 12791480320, 0.0, 0.0, 89.6437528495575742
Exp_02, 21, 18007, 2025-02-13T11:03:50.135327, SUCCESS, 24614, 26, 3657504, 31659382, 218, 12791480320, 0.0, 0.0, 89.6437528495575742
Exp_02, 21, 18007, 2025-02-13T11:03:51.664470, SUCCESS, 23101, 26, 3657504, 31659382, 218, 12791480320, 0.0, 0.0, 89.6437528495575742
Exp_02, 21, 18007, 2025-02-13T11:03:50.191875, SUCCESS, 24604, 26, 3657504, 31659382, 218, 12791480320, 0.0, 0.0, 89.6437528495575742
Exp_02, 21, 18007, 2025-02-13T11:03:49.445334, SUCCESS, 25361, 26, 3657504, 31659382, 218, 12791480320, 0.0, 0.0, 89.6437528495575742
Exp_02, 21, 18007, 2025-02-13T11:03:55.366752, SUCCESS, 19455, 26, 3657504, 31659382, 218, 12791480320, 0.0, 0.0, 89.6437528495575742
Exp_02, 21, 18008, 2025-02-13T11:04:03.155516, SUCCESS, 11677, 26, 3657504, 31659382, 218, 12791480320, 0.0, 0.0, 89.6437528495575742
Exp_02, 21, 18006, 2025-02-13T11:04:03.196283, SUCCESS, 11691, 26, 3673854, 31750314, 219, 12858130432, 0.0, 0.0, 89.6289617867665939
Exp_02, 34, 18008, 2025-02-13T11:04:19.903097, SUCCESS, 1859, 16, 3689022, 31837496, 219, 12858130432, 0.0, 0.0, 89.6161453255846802
Exp_02, 34, 18006, 2025-02-13T11:04:20.930900, SUCCESS, 1769, 16, 3710227, 31918821, 219, 12858130432, 0.0, 0.0, 89.5865109839589315
Exp_02, 34, 18007, 2025-02-13T11:04:21.766185, SUCCESS, 2174, 16, 3732620, 31999047, 219, 12858130432, 0.0, 0.0, 89.5537479401674711
Exp_02, 34, 18006, 2025-02-13T11:04:22.704064, SUCCESS, 1475, 16, 3736647, 32097582, 219, 12858130432, 0.0, 0.0, 89.5724085482626123
Exp_02, 34, 18007, 2025-02-13T11:04:24.181125, SUCCESS, 1449, 15, 3736649, 32199903, 219, 12858130432, 0.0, 0.0, 89.6020937122737874
Exp_02, 34, 18008, 2025-02-13T11:04:23.943833, SUCCESS, 2458, 14, 3759033, 32279852, 219, 12858130432, 0.0, 0.0, 89.5695080466557165
Exp_02, 34, 18007, 2025-02-13T11:04:22.996852, SUCCESS, 5153, 15, 3765099, 32372035, 220, 12924780544, 0.0, 0.0, 89.5810802262293407
Exp_02, 34, 18008, 2025-02-13T11:04:21.963322, SUCCESS, 7469, 17, 3785890, 32449943, 221, 12991430656, 0.0, 0.0, 89.5520823269055247
Exp_02, 34, 18008, 2025-02-13T11:04:26.409027, SUCCESS, 4175, 15, 3823961, 32715425, 224, 13113720832, 0.0, 0.0, 89.5346873097429716
Exp_02, 34, 18006, 2025-02-13T11:04:25.633451, SUCCESS, 4961, 15, 3823961, 32715425, 224, 13113720832, 0.0, 0.0, 89.5346873097429716
Exp_02, 34, 18008, 2025-02-13T11:04:25.062638, SUCCESS, 5719, 18, 3823961, 32715425, 224, 13113720832, 0.0, 0.0, 89.5346873097429716
Exp_02, 34, 18006, 2025-02-13T11:04:24.027228, SUCCESS, 7063, 19, 3835344, 32802970, 225, 13180370944, 0.0, 0.0, 89.5318763849231709
Exp_02, 34, 18007, 2025-02-13T11:04:26.095508, SUCCESS, 5283, 20, 3839799, 32897156, 226, 13247021056, 0.0, 0.0, 89.5478571917569107
Exp_02, 34, 18006, 2025-02-13T11:04:27.130769, SUCCESS, 5953, 18, 3845883, 33061535, 227, 13313671168, 0.0, 0.0, 89.5796476469852212
Exp_02, 34, 18006, 2025-02-13T11:04:30.594514, SUCCESS, 2536, 18, 3845883, 33100983, 227, 13313671168, 0.0, 0.0, 89.5907734095768772
Exp_02, 34, 18008, 2025-02-13T11:04:28.164400, SUCCESS, 5893, 20, 3848378, 33205569, 228, 13380321280, 0.0, 0.0, 89.6141212702657560
Exp_02, 34, 18006, 2025-02-13T11:04:29.197216, SUCCESS, 7470, 23, 3852850, 33411205, 229, 13446971392, 0.0, 0.0, 89.6606797086361106
Exp_02, 34, 18007, 2025-02-13T11:04:33.125894, SUCCESS, 3594, 23, 3864342, 33468516, 230, 13474783232, 0.0, 0.0, 89.6489521375513228
Exp_02, 34, 18007, 2025-02-13T11:04:30.598853, SUCCESS, 6145, 24, 3868042, 33498348, 230, 13474783232, 0.0, 0.0, 89.6483390554988052
Exp_02, 34, 18006, 2025-02-13T11:04:31.149123, SUCCESS, 7051, 26, 3868042, 33605630, 231, 13541433344, 0.0, 0.0, 89.6779744456321227
Exp_02, 34, 18007, 2025-02-13T11:04:31.267608, SUCCESS, 7443, 26, 3868965, 33712561, 232, 13608083456, 0.0, 0.0, 89.7051412973491284
Exp_02, 34, 18007, 2025-02-13T11:04:29.441520, SUCCESS, 10766, 26, 3889504, 34013418, 235, 13808033792, 0.0, 0.0, 89.7382476211200815
Exp_02, 34, 18006, 2025-02-13T11:04:32.297211, SUCCESS, 7879, 26, 3889504, 34013418, 235, 13808033792, 0.0, 0.0, 89.7382476211200815
Exp_02, 34, 18007, 2025-02-13T11:04:28.163805, SUCCESS, 12032, 26, 3889504, 34013418, 235, 13808033792, 0.0, 0.0, 89.7382476211200815
Exp_02, 34, 18006, 2025-02-13T11:04:33.327413, SUCCESS, 8382, 26, 3889624, 34120640, 236, 13874683904, 0.0, 0.0, 89.7669113795158066
Exp_02, 34, 18008, 2025-02-13T11:04:36.672430, SUCCESS, 5503, 24, 3904566, 34208329, 236, 13874683904, 0.0, 0.0, 89.7552626217452125
Exp_02, 34, 18006, 2025-02-13T11:04:36.726508, SUCCESS, 5714, 24, 3909161, 34306268, 237, 13902503936, 0.0, 0.0, 89.7707258500225132
Exp_02, 34, 18007, 2025-02-13T11:04:34.062423, SUCCESS, 8383, 24, 3909307, 34404671, 238, 13969154048, 0.0, 0.0, 89.7966559358571433
Exp_02, 34, 18006, 2025-02-13T11:04:35.387612, SUCCESS, 8309, 32, 3909307, 34512205, 239, 14035804160, 0.0, 0.0, 89.8252130212886989
Exp_02, 34, 18008, 2025-02-13T11:04:34.358098, SUCCESS, 13751, 36, 3912443, 34616278, 240, 14102454272, 0.0, 0.0, 89.8453857318544262
Exp_02, 34, 18008, 2025-02-13T11:04:30.857802, SUCCESS, 18025, 36, 3919099, 34716643, 241, 14169104384, 0.0, 0.0, 89.8562864406745443
Exp_02, 34, 18008, 2025-02-13T11:04:33.134430, SUCCESS, 16256, 35, 3923017, 34810968, 242, 14235754496, 0.0, 0.0, 89.8718993152912100
Exp_02, 34, 18008, 2025-02-13T11:04:30.231306, SUCCESS, 21538, 38, 3928490, 34913032, 243, 14302404608, 0.0, 0.0, 89.8858494782979925
Exp_02, 34, 18008, 2025-02-13T11:04:31.381688, SUCCESS, 21719, 35, 3935638, 35106439, 245, 14396866560, 0.0, 0.0, 89.9194963423692853
Exp_02, 34, 18007, 2025-02-13T11:04:42.179688, SUCCESS, 11302, 38, 3935638, 35209236, 246, 14424678400, 0.0, 0.0, 89.9459684044454965
Exp_02, 34, 18008, 2025-02-13T11:04:42.443962, SUCCESS, 11920, 42, 3935638, 35209364, 246, 14424678400, 0.0, 0.0, 89.9460012800612451
Exp_02, 34, 18007, 2025-02-13T11:04:40.232131, SUCCESS, 14880, 43, 3939988, 35411042, 248, 14557978624, 0.0, 0.0, 89.9875860936803941
Exp_02, 34, 18007, 2025-02-13T11:04:38.482400, SUCCESS, 16853, 43, 3946758, 35511359, 249, 14624628736, 0.0, 0.0, 89.9976017608747016
Exp_02, 34, 18007, 2025-02-13T11:04:36.415612, SUCCESS, 19074, 43, 3946758, 35618446, 250, 14691278848, 0.0, 0.0, 90.0246742061534676
Exp_02, 34, 18007, 2025-02-13T11:04:40.545556, SUCCESS, 15266, 43, 3950017, 35713730, 251, 14757928960, 0.0, 0.0, 90.0412409347003953
Exp_02, 34, 18008, 2025-02-13T11:04:38.741811, SUCCESS, 17269, 43, 3950017, 35713730, 251, 14757928960, 0.0, 0.0, 90.0412409347003953
Exp_02, 34, 18008, 2025-02-13T11:04:40.232299, SUCCESS, 16150, 43, 3951674, 35908565, 253, 14891229184, 0.0, 0.0, 90.0861758505763099
Exp_02, 34, 18007, 2025-02-13T11:04:36.748266, SUCCESS, 19633, 42, 3951674, 35908565, 253, 14891229184, 0.0, 0.0, 90.0861758505763099
Exp_02, 34, 18007, 2025-02-13T11:04:42.606982, SUCCESS, 14116, 43, 3956514, 36225366, 256, 15091179520, 0.0, 0.0, 90.1534870941827510
Exp_02, 34, 18008, 2025-02-13T11:04:43.634229, SUCCESS, 13103, 43, 3956514, 36225366, 256, 15091179520, 0.0, 0.0, 90.1534870941827510
Exp_02, 34, 18008, 2025-02-13T11:04:37.449318, SUCCESS, 19323, 43, 3956514, 36225366, 256, 15091179520, 0.0, 0.0, 90.1534870941827510
Exp_02, 34, 18008, 2025-02-13T11:04:41.578080, SUCCESS, 15881, 43, 3956514, 36332447, 257, 15157829632, 0.0, 0.0, 90.1796574004477306
Exp_02, 34, 18007, 2025-02-13T11:04:44.663893, SUCCESS, 13166, 43, 3956514, 36439534, 258, 15224479744, 0.0, 0.0, 90.2056904180329719
Exp_02, 34, 18008, 2025-02-13T11:04:45.696549, SUCCESS, 17849, 43, 3964168, 36538961, 259, 15291129856, 0.0, 0.0, 90.2126870247481374
Exp_02, 34, 18008, 2025-02-13T11:04:49.430010, SUCCESS, 19001, 43, 3995301, 37125045, 265, 15691030528, 0.0, 0.0, 90.2838828253050205
Exp_02, 34, 18006, 2025-02-13T11:04:40.233450, SUCCESS, 28387, 42, 3997958, 37328534, 267, 15824330752, 0.0, 0.0, 90.3259197514272443
Exp_02, 34, 18006, 2025-02-13T11:04:42.452601, SUCCESS, 26239, 42, 3997998, 37328886, 267, 15824330752, 0.0, 0.0, 90.3259147241780919
Exp_02, 34, 18006, 2025-02-13T11:04:49.807024, SUCCESS, 19326, 43, 3998523, 37436095, 268, 15890980864, 0.0, 0.0, 90.3498012217706460
Exp_02, 34, 18006, 2025-02-13T11:04:41.735136, SUCCESS, 27543, 43, 3998523, 37436095, 268, 15890980864, 0.0, 0.0, 90.3498012217706460
Exp_02, 34, 18006, 2025-02-13T11:04:46.720952, SUCCESS, 22594, 43, 3998523, 37436095, 268, 15890980864, 0.0, 0.0, 90.3498012217706460
Exp_02, 34, 18006, 2025-02-13T11:04:38.229745, FAILED, 0, 43, 3998523, 37436395, 268, 15890980864, 0.0, 0.0, 90.3498710918168102
Exp_02, 34, 18006, 2025-02-13T11:04:48.779402, SUCCESS, 20737, 43, 3998523, 37436395, 268, 15890980864, 0.0, 0.0, 90.3498710918168102
Exp_02, 34, 18006, 2025-02-13T11:04:39.514005, SUCCESS, 29985, 43, 3998523, 37436395, 268, 15890980864, 0.0, 0.0, 90.3498710918168102
Exp_02, 34, 18008, 2025-02-13T11:04:48.137320, SUCCESS, 21913, 43, 4004650, 37627915, 270, 16024281088, 0.0, 0.0, 90.3809673989580032
Exp_02, 34, 18006, 2025-02-13T11:04:43.733573, SUCCESS, 26675, 43, 4004650, 37627915, 270, 16024281088, 0.0, 0.0, 90.3809673989580032
Exp_02, 34, 18008, 2025-02-13T11:04:51.785247, SUCCESS, 19292, 41, 4004650, 37800914, 272, 16118751232, 0.0, 0.0, 90.4207726990598668
Exp_02, 34, 18008, 2025-02-13T11:04:53.150435, SUCCESS, 18228, 42, 4004650, 37837551, 272, 16118751232, 0.0, 0.0, 90.4291602633427434
Exp_02, 34, 18006, 2025-02-13T11:04:51.855895, SUCCESS, 20704, 41, 4021047, 37983337, 273, 16185401344, 0.0, 0.0, 90.4270778021646502
Exp_02, 34, 18007, 2025-02-13T11:04:52.878618, SUCCESS, 20240, 43, 4025472, 38035251, 273, 16185401344, 0.0, 0.0, 90.4293799229271451
Exp_02, 34, 18006, 2025-02-13T11:04:53.541070, SUCCESS, 20335, 43, 4025472, 38142893, 274, 16252051456, 0.0, 0.0, 90.4538105757716715
Exp_02, 34, 18008, 2025-02-13T11:04:54.443459, SUCCESS, 20353, 43, 4026853, 38248533, 275, 16318701568, 0.0, 0.0, 90.4747102723083356
Exp_02, 34, 18008, 2025-02-13T11:04:55.545177, SUCCESS, 19545, 42, 4026853, 38543862, 278, 16518651904, 0.0, 0.0, 90.5407907760064636
Exp_02, 34, 18008, 2025-02-13T11:04:56.433695, SUCCESS, 18655, 42, 4026853, 38543862, 278, 16518651904, 0.0, 0.0, 90.5407907760064636
Exp_02, 34, 18008, 2025-02-13T11:04:56.751078, SUCCESS, 18576, 43, 4026853, 38544254, 278, 16518651904, 0.0, 0.0, 90.5408778775708135
Exp_02, 34, 18008, 2025-02-13T11:04:57.933427, SUCCESS, 17712, 43, 4026853, 38642797, 279, 16585302016, 0.0, 0.0, 90.5627231533420124
Exp_02, 34, 18006, 2025-02-13T11:04:55.847592, SUCCESS, 20278, 43, 4031325, 38737129, 280, 16651952128, 0.0, 0.0, 90.5740689153739343
Exp_02, 34, 18006, 2025-02-13T11:04:55.162940, SUCCESS, 20980, 43, 4031734, 38835224, 281, 16718602240, 0.0, 0.0, 90.5947746513760085
Exp_02, 34, 18006, 2025-02-13T11:04:56.845480, SUCCESS, 19892, 43, 4033455, 38932307, 282, 16785252352, 0.0, 0.0, 90.6123973781728810
Exp_02, 34, 18006, 2025-02-13T11:04:56.461860, SUCCESS, 20799, 43, 4033931, 39039113, 283, 16851902464, 0.0, 0.0, 90.6346739738199139
Exp_02, 34, 18007, 2025-02-13T11:04:47.750968, FAILED, 0, 43, 4044162, 39135969, 284, 16918552576, 0.0, 0.0, 90.6342062741773525
Exp_02, 34, 18007, 2025-02-13T11:04:48.889355, FAILED, 0, 43, 4052163, 39226217, 285, 16985202688, 0.0, 0.0, 90.6369808666590570
Exp_02, 34, 18007, 2025-02-13T11:04:55.367123, SUCCESS, 25335, 43, 4054083, 39322846, 286, 17051852800, 0.0, 0.0, 90.6538265998498879
Exp_02, 34, 18007, 2025-02-13T11:04:56.740586, SUCCESS, 24299, 43, 4063286, 39519279, 288, 17185153024, 0.0, 0.0, 90.6768084898169715
Exp_02, 34, 18007, 2025-02-13T11:04:50.833061, FAILED, 0, 43, 4063286, 39519279, 288, 17185153024, 0.0, 0.0, 90.6768084898169715
Exp_02, 34, 18007, 2025-02-13T11:04:57.467854, SUCCESS, 24202, 43, 4064387, 39616727, 289, 17251803136, 0.0, 0.0, 90.6953220103315131
Exp_02, 34, 18007, 2025-02-13T11:04:56.046682, SUCCESS, 25691, 43, 4068928, 39710435, 290, 17318453248, 0.0, 0.0, 90.7058309642376478
Exp_02, 34, 18007, 2025-02-13T11:04:53.898998, SUCCESS, 28040, 43, 4070553, 39815897, 291, 17385103360, 0.0, 0.0, 90.7248068595204215
Exp_02, 34, 18006, 2025-02-13T11:05:11.135164, SUCCESS, 13634, 42, 4070553, 39916458, 293, 17451761664, 0.0, 0.0, 90.7460113623087506
Exp_02, 34, 18008, 2025-02-13T11:05:12.579775, SUCCESS, 12273, 40, 4079758, 40009883, 293, 17451761664, 0.0, 0.0, 90.7466744852832891
Exp_02, 34, 18006, 2025-02-13T11:05:08.734050, SUCCESS, 17312, 40, 4080390, 40116533, 294, 17518411776, 0.0, 0.0, 90.7677057065714733
Exp_02, 34, 18006, 2025-02-13T11:05:09.671328, SUCCESS, 19560, 38, 4080609, 40313322, 296, 17651712000, 0.0, 0.0, 90.8081827671444549
Exp_02, 34, 18006, 2025-02-13T11:05:09.337043, SUCCESS, 20072, 38, 4080609, 40313322, 296, 17651712000, 0.0, 0.0, 90.8081827671444549
Exp_02, 34, 18006, 2025-02-13T11:05:13.153180, SUCCESS, 17452, 37, 4106673, 40543880, 299, 17822851072, 0.0, 0.0, 90.8026379874847239
Exp_02, 34, 18006, 2025-02-13T11:05:03.568035, SUCCESS, 27048, 37, 4106673, 40543880, 299, 17822851072, 0.0, 0.0, 90.8026379874847239
Exp_02, 34, 18008, 2025-02-13T11:05:10.481059, SUCCESS, 20425, 37, 4108468, 40583408, 300, 17851670528, 0.0, 0.0, 90.8071256619435711
Exp_02, 34, 18006, 2025-02-13T11:05:16.755048, SUCCESS, 14959, 37, 4108468, 40780716, 302, 17984970752, 0.0, 0.0, 90.8475324479054910
Exp_02, 34, 18006, 2025-02-13T11:05:15.144, SUCCESS, 16600, 37, 4108468, 40780716, 302, 17984970752, 0.0, 0.0, 90.8475324479054910
Exp_02, 34, 18006, 2025-02-13T11:05:15.653766, SUCCESS, 16262, 37, 4108468, 40977724, 304, 18118270976, 0.0, 0.0, 90.8875249433352012
Exp_02, 34, 18006, 2025-02-13T11:05:19.084238, SUCCESS, 12862, 36, 4108468, 40978024, 304, 18118270976, 0.0, 0.0, 90.8875855766290267
Exp_02, 34, 18007, 2025-02-13T11:05:08.453259, FAILED, 0, 30, 4125799, 41265273, 307, 18318221312, 0.0, 0.0, 90.9105495459547640
Exp_02, 34, 18008, 2025-02-13T11:05:08.666371, FAILED, 0, 30, 4136791, 41451073, 309, 18451521536, 0.0, 0.0, 90.9256748682061524
Exp_02, 34, 18008, 2025-02-13T11:05:18.370222, SUCCESS, 21205, 30, 4151617, 41730982, 312, 18651471872, 0.0, 0.0, 90.9516524990225597
Exp_02, 34, 18007, 2025-02-13T11:05:09.159969, FAILED, 0, 30, 4151617, 41730982, 312, 18651471872, 0.0, 0.0, 90.9516524990225597
Exp_02, 34, 18008, 2025-02-13T11:05:16.153828, SUCCESS, 23584, 29, 4154413, 41826429, 313, 18718121984, 0.0, 0.0, 90.9649044704314027
Exp_02, 34, 18008, 2025-02-13T11:05:09.293062, FAILED, 0, 29, 4159605, 41919780, 314, 18784772096, 0.0, 0.0, 90.9729589489963896
Exp_02, 34, 18008, 2025-02-13T11:05:15.371177, SUCCESS, 24510, 28, 4159605, 41919780, 314, 18784772096, 0.0, 0.0, 90.9729589489963896
Exp_02, 34, 18007, 2025-02-13T11:05:09.445072, FAILED, 0, 27, 4159605, 41919780, 314, 18784772096, 0.0, 0.0, 90.9729589489963896
Exp_02, 34, 18008, 2025-02-13T11:05:09.644871, FAILED, 0, 27, 4159605, 41919780, 314, 18784772096, 0.0, 0.0, 90.9729589489963896
Exp_02, 34, 18008, 2025-02-13T11:05:14.836591, SUCCESS, 25161, 27, 4159605, 41919780, 314, 18784772096, 0.0, 0.0, 90.9729589489963896
Exp_02, 34, 18007, 2025-02-13T11:05:10.153485, FAILED, 0, 26, 4164602, 42013032, 315, 18851422208, 0.0, 0.0, 90.9813439120765694
Exp_02, 34, 18007, 2025-02-13T11:05:15.156145, SUCCESS, 26402, 25, 4184691, 42492966, 320, 19184672768, 0.0, 0.0, 91.0349163412379503
Exp_02, 34, 18007, 2025-02-13T11:05:11.743368, SUCCESS, 29824, 25, 4184691, 42492966, 320, 19184672768, 0.0, 0.0, 91.0349163412379503
Exp_02, 34, 18007, 2025-02-13T11:05:13.885230, SUCCESS, 27689, 25, 4184691, 42492966, 320, 19184672768, 0.0, 0.0, 91.0349163412379503
Exp_02, 34, 18007, 2025-02-13T11:05:17.273805, SUCCESS, 24307, 25, 4184691, 42492966, 320, 19184672768, 0.0, 0.0, 91.0349163412379503
Exp_02, 34, 18007, 2025-02-13T11:05:16.135260, SUCCESS, 25448, 24, 4184691, 42492966, 320, 19184672768, 0.0, 0.0, 91.0349163412379503
Exp_02, 55, 18008, 2025-02-13T11:05:46.613250, SUCCESS, 1949, 16, 4191436, 42588550, 320, 19184672768, 0.0, 0.0, 91.0401084771594416
Exp_02, 55, 18006, 2025-02-13T11:05:47.622770, SUCCESS, 2474, 15, 4207460, 42675086, 320, 19184672768, 0.0, 0.0, 91.0255300554709635
Exp_02, 55, 18007, 2025-02-13T11:05:48.567399, SUCCESS, 2003, 14, 4222724, 42762159, 320, 19184672768, 0.0, 0.0, 91.0125901558592792
Exp_02, 55, 18007, 2025-02-13T11:05:50.103486, SUCCESS, 1565, 14, 4222724, 42864490, 320, 19184672768, 0.0, 0.0, 91.0321217984992699
Exp_02, 55, 18008, 2025-02-13T11:05:50.576340, SUCCESS, 1697, 14, 4223357, 42966208, 320, 19184672768, 0.0, 0.0, 91.0502311263093864
Exp_02, 55, 18007, 2025-02-13T11:05:51.670788, SUCCESS, 1607, 14, 4223357, 43068553, 320, 19184672768, 0.0, 0.0, 91.0695994304311245
Exp_02, 55, 18006, 2025-02-13T11:05:52.275921, SUCCESS, 2861, 13, 4239759, 43155072, 320, 19184672768, 0.0, 0.0, 91.0543852345417162
Exp_02, 55, 18008, 2025-02-13T11:05:48.642521, SUCCESS, 7208, 17, 4252806, 43240724, 321, 19251322880, 0.0, 0.0, 91.0455045139832731
Exp_02, 55, 18008, 2025-02-13T11:05:51.719584, SUCCESS, 5553, 18, 4252806, 43339391, 322, 19317972992, 0.0, 0.0, 91.0640687590026575
Exp_02, 55, 18008, 2025-02-13T11:05:55.143606, SUCCESS, 3539, 18, 4252806, 43450936, 322, 19317972992, 0.0, 0.0, 91.0849635234066124
Exp_02, 55, 18006, 2025-02-13T11:05:50.687611, SUCCESS, 9196, 17, 4274838, 43602223, 324, 19412443136, 0.0, 0.0, 91.0712188452837571
Exp_02, 55, 18007, 2025-02-13T11:05:52.731056, SUCCESS, 7263, 16, 4302010, 43808860, 326, 19545743360, 0.0, 0.0, 91.0581330165095747
Exp_02, 55, 18008, 2025-02-13T11:05:53.334600, SUCCESS, 6649, 16, 4302010, 43808500, 326, 19545743360, 0.0, 0.0, 91.0580661065534329
Exp_02, 55, 18006, 2025-02-13T11:05:49.666414, SUCCESS, 10339, 15, 4302010, 43808860, 326, 19545743360, 0.0, 0.0, 91.0581330165095747
Exp_02, 55, 18008, 2025-02-13T11:05:58.690811, SUCCESS, 3574, 21, 4302010, 43911386, 326, 19545743360, 0.0, 0.0, 91.0771479362291758
Exp_02, 55, 18008, 2025-02-13T11:05:56.821268, SUCCESS, 9417, 26, 4302046, 44018527, 327, 19612393472, 0.0, 0.0, 91.0968646832892482
Exp_02, 55, 18007, 2025-02-13T11:05:59.880736, SUCCESS, 9540, 25, 4327714, 44162513, 327, 19612393472, 0.0, 0.0, 91.0750799331172444
Exp_02, 55, 18008, 2025-02-13T11:06:02.268792, SUCCESS, 7453, 28, 4328836, 44205313, 327, 19612393472, 0.0, 0.0, 91.0808449531071411
Exp_02, 55, 18006, 2025-02-13T11:05:57.285484, SUCCESS, 13169, 33, 4329985, 44311966, 328, 19679043584, 0.0, 0.0, 91.0982497392014560
Exp_02, 55, 18006, 2025-02-13T11:05:53.754472, SUCCESS, 17043, 32, 4343440, 44513195, 330, 19812343808, 0.0, 0.0, 91.1098257176328251
Exp_02, 55, 18006, 2025-02-13T11:05:58.917784, SUCCESS, 11919, 32, 4346707, 44617630, 331, 19878993920, 0.0, 0.0, 91.1227083499568267
Exp_02, 55, 18006, 2025-02-13T11:05:55.802224, SUCCESS, 15039, 32, 4346707, 44617630, 331, 19878993920, 0.0, 0.0, 91.1227083499568267
Exp_02, 55, 18006, 2025-02-13T11:06:00.032594, SUCCESS, 11349, 33, 4346707, 44725304, 332, 19945644032, 0.0, 0.0, 91.1421869382936028
Exp_02, 55, 18006, 2025-02-13T11:06:00.902879, SUCCESS, 11963, 33, 4346707, 44832646, 333, 20012294144, 0.0, 0.0, 91.1615205673811935
Exp_02, 55, 18006, 2025-02-13T11:06:02.942398, SUCCESS, 10808, 33, 4346707, 44939988, 334, 20078944256, 0.0, 0.0, 91.1807699826494757
Exp_02, 55, 18008, 2025-02-13T11:06:00.033489, SUCCESS, 14495, 33, 4349374, 45044402, 335, 20145594368, 0.0, 0.0, 91.1944897672937578
Exp_02, 55, 18008, 2025-02-13T11:05:59.944614, SUCCESS, 17404, 37, 4354598, 45207626, 336, 20212244480, 0.0, 0.0, 91.2138769236828436
Exp_02, 55, 18007, 2025-02-13T11:06:09.058137, SUCCESS, 8321, 37, 4354598, 45257541, 337, 20240056320, 0.0, 0.0, 91.2227166823022890
Exp_02, 55, 18007, 2025-02-13T11:06:06.250802, SUCCESS, 13811, 39, 4355128, 45355560, 338, 20306706432, 0.0, 0.0, 91.2390510467286230
Exp_02, 55, 18007, 2025-02-13T11:05:55.860446, SUCCESS, 26942, 41, 4376542, 45655411, 341, 20506656768, 0.0, 0.0, 91.2525061734048239
Exp_02, 55, 18007, 2025-02-13T11:05:57.839942, SUCCESS, 25013, 41, 4376542, 45655411, 341, 20506656768, 0.0, 0.0, 91.2525061734048239
Exp_02, 55, 18007, 2025-02-13T11:06:01.922633, SUCCESS, 20989, 41, 4376542, 45655411, 341, 20506656768, 0.0, 0.0, 91.2525061734048239
Exp_02, 55, 18007, 2025-02-13T11:06:03.961752, SUCCESS, 19431, 42, 4383146, 45805643, 343, 20601118720, 0.0, 0.0, 91.2666830833475580
Exp_02, 55, 18007, 2025-02-13T11:05:54.777968, SUCCESS, 28686, 42, 4393109, 45902767, 344, 20667768832, 0.0, 0.0, 91.2654687632838923
Exp_02, 55, 18008, 2025-02-13T11:06:09.451868, SUCCESS, 14128, 43, 4393873, 45955048, 344, 20667768832, 0.0, 0.0, 91.2731535994584670
Exp_02, 55, 18007, 2025-02-13T11:06:00.032393, SUCCESS, 23826, 46, 4396139, 46059841, 345, 20734418944, 0.0, 0.0, 91.2871794383936255
Exp_02, 55, 18008, 2025-02-13T11:06:10.849731, SUCCESS, 19631, 51, 4397334, 46255624, 347, 20867719168, 0.0, 0.0, 91.3187024536651936
Exp_02, 55, 18008, 2025-02-13T11:06:10.466334, SUCCESS, 20290, 51, 4397334, 46255624, 347, 20867719168, 0.0, 0.0, 91.3187024536651936
Exp_02, 55, 18007, 2025-02-13T11:06:10.081633, SUCCESS, 23452, 53, 4397404, 46362705, 348, 20934369280, 0.0, 0.0, 91.3368901552201159
Exp_02, 55, 18008, 2025-02-13T11:06:17.359111, SUCCESS, 16392, 51, 4399081, 46463356, 349, 20962189312, 0.0, 0.0, 91.3510219732491387
Exp_02, 55, 18007, 2025-02-13T11:06:10.848594, SUCCESS, 23084, 53, 4408406, 46659661, 351, 21095489536, 0.0, 0.0, 91.3675878900996977
Exp_02, 55, 18008, 2025-02-13T11:06:04.982888, SUCCESS, 28949, 53, 4408406, 46659661, 351, 21095489536, 0.0, 0.0, 91.3675878900996977
Exp_02, 55, 18008, 2025-02-13T11:06:07.022080, SUCCESS, 28115, 53, 4412954, 46762194, 352, 21162139648, 0.0, 0.0, 91.3767635806348816
Exp_02, 55, 18007, 2025-02-13T11:06:13.142078, SUCCESS, 22015, 53, 4412954, 46869281, 353, 21228789760, 0.0, 0.0, 91.3947705282345826
Exp_02, 55, 18006, 2025-02-13T11:06:05.999562, FAILED, 0, 53, 4431173, 46907157, 353, 21228789760, 0.0, 0.0, 91.3686849572239689
Exp_02, 55, 18008, 2025-02-13T11:06:13.778002, SUCCESS, 23150, 55, 4432763, 47004174, 354, 21295439872, 0.0, 0.0, 91.3821404256633711
Exp_02, 55, 18008, 2025-02-13T11:06:23.433551, SUCCESS, 14497, 59, 4434706, 47104983, 354, 21295439872, 0.0, 0.0, 91.3955514943056796
Exp_02, 55, 18006, 2025-02-13T11:06:08.040961, FAILED, 0, 59, 4441367, 47161389, 354, 21295439872, 0.0, 0.0, 91.3931593111034612
Exp_02, 55, 18006, 2025-02-13T11:06:09.745961, FAILED, 0, 59, 4445465, 47225376, 354, 21295439872, 0.0, 0.0, 91.3965692952433269
Exp_02, 55, 18007, 2025-02-13T11:06:14.535766, SUCCESS, 26414, 59, 4445465, 47323925, 355, 21362089984, 0.0, 0.0, 91.4129469170874913
Exp_02, 55, 18006, 2025-02-13T11:06:10.839228, FAILED, 0, 59, 4448455, 47391296, 355, 21362089984, 0.0, 0.0, 91.4188341683971437
Exp_02, 55, 18006, 2025-02-13T11:06:11.100113, FAILED, 0, 59, 4449687, 47459482, 355, 21362089984, 0.0, 0.0, 91.4279363632270823
Exp_02, 55, 18007, 2025-02-13T11:06:11.447323, FAILED, 0, 59, 4449687, 47557731, 356, 21428740096, 0.0, 0.0, 91.4441301431268901
Exp_02, 55, 18008, 2025-02-13T11:06:12.123171, FAILED, 0, 59, 4449920, 47664579, 357, 21495390208, 0.0, 0.0, 91.4612630162673156
Exp_02, 55, 18006, 2025-02-13T11:06:12.880591, FAILED, 0, 59, 4451712, 47727076, 357, 21495390208, 0.0, 0.0, 91.4683491690148112
Exp_02, 55, 18006, 2025-02-13T11:06:14.160610, FAILED, 0, 59, 4454174, 47809080, 358, 21523177472, 0.0, 0.0, 91.4774269508745093
Exp_02, 55, 18008, 2025-02-13T11:06:15.181950, FAILED, 0, 59, 4455832, 47914503, 359, 21589827584, 0.0, 0.0, 91.4916870400007943
Exp_02, 55, 18006, 2025-02-13T11:06:16.202717, FAILED, 0, 59, 4457316, 47994110, 360, 21617614848, 0.0, 0.0, 91.5020117851514657
Exp_02, 55, 18006, 2025-02-13T11:06:17.438452, FAILED, 0, 63, 4457727, 48080890, 361, 21645402112, 0.0, 0.0, 91.5153324268128337
Exp_02, 55, 18007, 2025-02-13T11:06:17.222435, FAILED, 0, 63, 4461419, 48178839, 362, 21700083712, 0.0, 0.0, 91.5247014936742901
Exp_02, 55, 18007, 2025-02-13T11:06:18.237064, FAILED, 0, 63, 4461419, 48285926, 363, 21766733824, 0.0, 0.0, 91.5419079386839281
Exp_02, 55, 18008, 2025-02-13T11:06:19.257436, FAILED, 0, 61, 4466289, 48440278, 364, 21821415424, 0.0, 0.0, 91.5581576101885424
Exp_02, 55, 18006, 2025-02-13T11:06:33.554898, SUCCESS, 16502, 61, 4466289, 48481795, 364, 21821415424, 0.0, 0.0, 91.5647769237504420
Exp_02, 55, 18006, 2025-02-13T11:06:20.076737, FAILED, 0, 61, 4467049, 48554184, 365, 21849202688, 0.0, 0.0, 91.5749809137784480
Exp_02, 55, 18007, 2025-02-13T11:06:20.278650, FAILED, 0, 61, 4469577, 48594134, 365, 21849202688, 0.0, 0.0, 91.5769611363969625
Exp_02, 55, 18008, 2025-02-13T11:06:21.295319, FAILED, 0, 61, 4470656, 48700136, 366, 21915852800, 0.0, 0.0, 91.5918950389153504
Exp_02, 55, 18008, 2025-02-13T11:06:23.871129, SUCCESS, 28061, 61, 4470878, 48798157, 367, 21982502912, 0.0, 0.0, 91.6069851837939246
Exp_02, 55, 18008, 2025-02-13T11:06:22.867462, FAILED, 0, 61, 4470878, 48896700, 368, 22049153024, 0.0, 0.0, 91.6224828490436647
Exp_02, 55, 18007, 2025-02-13T11:06:22.846175, FAILED, 0, 60, 4474894, 48928825, 368, 22049153024, 0.0, 0.0, 91.6206322634571574
Exp_02, 55, 18006, 2025-02-13T11:06:22.947165, FAILED, 0, 60, 4478380, 49021119, 369, 22103834624, 0.0, 0.0, 91.6291178726739105
Exp_02, 55, 18007, 2025-02-13T11:06:23.331484, FAILED, 0, 60, 4481615, 49063192, 369, 22103834624, 0.0, 0.0, 91.6301593915540680
Exp_02, 55, 18007, 2025-02-13T11:06:23.639510, FAILED, 0, 60, 4484107, 49097414, 369, 22103834624, 0.0, 0.0, 91.6312435401003268
Exp_02, 55, 18008, 2025-02-13T11:06:26.383139, SUCCESS, 27660, 59, 4484107, 49204495, 370, 22170484736, 0.0, 0.0, 91.6479348819699198
Exp_02, 55, 18006, 2025-02-13T11:06:24.351380, FAILED, 0, 57, 4486774, 49309170, 371, 22237134848, 0.0, 0.0, 91.6596425931293259
Exp_02, 55, 18006, 2025-02-13T11:06:22.353964, FAILED, 0, 57, 4487023, 49405541, 372, 22291816448, 0.0, 0.0, 91.6741333739474707
Exp_02, 55, 18007, 2025-02-13T11:06:25.366517, FAILED, 0, 57, 4489748, 49450543, 372, 22291816448, 0.0, 0.0, 91.6764483157868021
Exp_02, 55, 18006, 2025-02-13T11:06:23.470422, FAILED, 0, 57, 4489748, 49547463, 373, 22346498048, 0.0, 0.0, 91.6913772622350920
Exp_02, 55, 18008, 2025-02-13T11:06:36.539749, SUCCESS, 19126, 55, 4492515, 49655866, 374, 22374309888, 0.0, 0.0, 91.7033253496535751
Exp_02, 55, 18006, 2025-02-13T11:06:31.468229, SUCCESS, 25076, 54, 4492529, 49763194, 375, 22440960000, 0.0, 0.0, 91.7197140659244371
Exp_02, 55, 18006, 2025-02-13T11:06:27.403906, SUCCESS, 29532, 54, 4492529, 49870836, 376, 22507610112, 0.0, 0.0, 91.7361094185394889
Exp_02, 55, 18007, 2025-02-13T11:06:28.423688, FAILED, 0, 54, 4493249, 49934736, 376, 22507610112, 0.0, 0.0, 91.7445979306417462
Exp_02, 55, 18008, 2025-02-13T11:06:29.437075, FAILED, 0, 53, 4494924, 50040442, 377, 22574260224, 0.0, 0.0, 91.7577815467489482
Exp_02, 55, 18008, 2025-02-13T11:06:33.945163, SUCCESS, 26462, 52, 4495465, 50138444, 378, 22640910336, 0.0, 0.0, 91.7716577812508345
Exp_02, 55, 18006, 2025-02-13T11:06:30.456438, FAILED, 0, 52, 4495494, 50344300, 380, 22774210560, 0.0, 0.0, 91.8024965593415613
Exp_02, 55, 18008, 2025-02-13T11:06:30.765834, SUCCESS, 30203, 51, 4495494, 50344300, 380, 22774210560, 0.0, 0.0, 91.8024965593415613
Exp_02, 55, 18007, 2025-02-13T11:06:30.546084, FAILED, 0, 51, 4496256, 50416564, 381, 22801997824, 0.0, 0.0, 91.8120103830034589
Exp_02, 55, 18007, 2025-02-13T11:06:32.481837, FAILED, 0, 51, 4497833, 50503859, 382, 22829785088, 0.0, 0.0, 91.8223733917131131
Exp_02, 55, 18008, 2025-02-13T11:06:33.496760, SUCCESS, 29704, 51, 4497833, 50709483, 384, 22963085312, 0.0, 0.0, 91.8528316065935899
Exp_02, 55, 18008, 2025-02-13T11:06:35.156527, SUCCESS, 28427, 51, 4497833, 50709783, 384, 22963085312, 0.0, 0.0, 91.8528758785744344
Exp_02, 55, 18008, 2025-02-13T11:06:46.572403, SUCCESS, 17617, 51, 4500244, 51003562, 387, 23163035648, 0.0, 0.0, 91.8920082705679679
Exp_02, 55, 18008, 2025-02-13T11:06:41.448161, SUCCESS, 22854, 51, 4500244, 51003562, 387, 23163035648, 0.0, 0.0, 91.8920082705679679
Exp_02, 55, 18007, 2025-02-13T11:06:34.513976, FAILED, 0, 51, 4502984, 51098823, 388, 23217717248, 0.0, 0.0, 91.9013711191076937
Exp_02, 55, 18007, 2025-02-13T11:06:33.767144, FAILED, 0, 50, 4504440, 51184640, 389, 23272398848, 0.0, 0.0, 91.9114483485810863
Exp_02, 55, 18006, 2025-02-13T11:06:33.945163, FAILED, 0, 49, 4504440, 51184640, 389, 23272398848, 0.0, 0.0, 91.9114483485810863
Exp_02, 55, 18006, 2025-02-13T11:06:35.171006, FAILED, 0, 46, 4508078, 51486636, 392, 23472349184, 0.0, 0.0, 91.9491007669045332
Exp_02, 55, 18007, 2025-02-13T11:06:35.528966, FAILED, 0, 46, 4508078, 51486636, 392, 23472349184, 0.0, 0.0, 91.9491007669045332
Exp_02, 55, 18008, 2025-02-13T11:06:42.463318, SUCCESS, 23859, 46, 4508078, 51486636, 392, 23472349184, 0.0, 0.0, 91.9491007669045332
Exp_02, 55, 18008, 2025-02-13T11:06:38.572633, SUCCESS, 28325, 46, 4509580, 51691319, 394, 23605649408, 0.0, 0.0, 91.9759646549426193
Exp_02, 55, 18006, 2025-02-13T11:06:36.539749, FAILED, 0, 45, 4511533, 51787915, 395, 23672299520, 0.0, 0.0, 91.9865413245259527
Exp_02, 55, 18007, 2025-02-13T11:06:36.933208, FAILED, 0, 44, 4511533, 51787915, 395, 23672299520, 0.0, 0.0, 91.9865413245259527
Exp_02, 55, 18008, 2025-02-13T11:06:37.557569, SUCCESS, 30196, 44, 4512106, 52001504, 397, 23805599744, 0.0, 0.0, 92.0158949322119044
Exp_02, 55, 18008, 2025-02-13T11:06:40.596558, SUCCESS, 27537, 44, 4513745, 52098369, 398, 23872249856, 0.0, 0.0, 92.0268919828713692
Exp_02, 55, 18006, 2025-02-13T11:06:37.945042, FAILED, 0, 43, 4513745, 52098369, 398, 23872249856, 0.0, 0.0, 92.0268919828713692
Exp_02, 55, 18007, 2025-02-13T11:06:38.550221, FAILED, 0, 42, 4515171, 52195792, 399, 23938899968, 0.0, 0.0, 92.0382748570148597
Exp_02, 55, 18006, 2025-02-13T11:06:39.582526, SUCCESS, 29607, 42, 4516881, 52507270, 402, 24138850304, 0.0, 0.0, 92.0790035085309731
Exp_02, 55, 18006, 2025-02-13T11:06:41.603166, SUCCESS, 27697, 42, 4517316, 52605339, 403, 24205500416, 0.0, 0.0, 92.0919011905171425
Exp_02, 55, 18006, 2025-02-13T11:06:40.954111, SUCCESS, 28379, 41, 4517316, 52605339, 403, 24205500416, 0.0, 0.0, 92.0919011905171425
Exp_02, 55, 18006, 2025-02-13T11:06:43.835887, SUCCESS, 25559, 40, 4517316, 52605339, 403, 24205500416, 0.0, 0.0, 92.0919011905171425
Exp_02, 55, 18007, 2025-02-13T11:06:42.153266, SUCCESS, 27541, 37, 4520027, 52897675, 406, 24405450752, 0.0, 0.0, 92.1278162612638172
Exp_02, 55, 18007, 2025-02-13T11:06:41.170014, SUCCESS, 28724, 36, 4521355, 52994596, 407, 24472100864, 0.0, 0.0, 92.1389546353845388
Exp_02, 55, 18007, 2025-02-13T11:06:40.251708, SUCCESS, 29646, 36, 4521355, 52994596, 407, 24472100864, 0.0, 0.0, 92.1389546353845388
Exp_02, 55, 18007, 2025-02-13T11:06:44.482123, SUCCESS, 25420, 35, 4521355, 52994596, 407, 24472100864, 0.0, 0.0, 92.1389546353845388
Exp_02, 89, 18007, 2025-02-13T11:07:14.922396, SUCCESS, 1780, 28, 4526072, 53094020, 407, 24472100864, 0.0, 0.0, 92.1449760961853376
Exp_02, 89, 18008, 2025-02-13T11:07:15.930046, SUCCESS, 2247, 28, 4541766, 53181559, 407, 24472100864, 0.0, 0.0, 92.1318357873528595
Exp_02, 89, 18006, 2025-02-13T11:07:16.710679, SUCCESS, 2093, 28, 4561845, 53264058, 407, 24472100864, 0.0, 0.0, 92.1110700164941653
Exp_02, 89, 18006, 2025-02-13T11:07:18.180058, SUCCESS, 1514, 28, 4564184, 53364899, 407, 24472100864, 0.0, 0.0, 92.1210836360036978
Exp_02, 89, 18007, 2025-02-13T11:07:18.806607, SUCCESS, 1649, 28, 4569048, 53462360, 407, 24472100864, 0.0, 0.0, 92.1265946192448062
Exp_02, 89, 18007, 2025-02-13T11:07:16.941247, SUCCESS, 5434, 30, 4581146, 53548511, 408, 24538750976, 0.0, 0.0, 92.1190899165291823
Exp_02, 89, 18006, 2025-02-13T11:07:19.699508, SUCCESS, 2936, 28, 4591436, 53640760, 409, 24566562816, 0.0, 0.0, 92.1152964933694068
Exp_02, 89, 18008, 2025-02-13T11:07:20.460456, SUCCESS, 2905, 26, 4612579, 53721956, 409, 24566562816, 0.0, 0.0, 92.0928846008629365
Exp_02, 89, 18007, 2025-02-13T11:07:19.987543, SUCCESS, 4875, 28, 4612976, 53819808, 410, 24633212928, 0.0, 0.0, 92.1055002274065874
Exp_02, 89, 18008, 2025-02-13T11:07:23.371122, SUCCESS, 2587, 23, 4616103, 53974147, 410, 24633212928, 0.0, 0.0, 92.1213802637810899
Exp_02, 89, 18006, 2025-02-13T11:07:22.638858, SUCCESS, 3411, 24, 4616120, 54021555, 411, 24661032960, 0.0, 0.0, 92.1277233451019332
Exp_02, 89, 18008, 2025-02-13T11:07:17.956306, SUCCESS, 8990, 26, 4632286, 54103632, 412, 24727683072, 0.0, 0.0, 92.1133674968696326
Exp_02, 89, 18008, 2025-02-13T11:07:18.972859, SUCCESS, 8381, 25, 4640004, 54194157, 413, 24794333184, 0.0, 0.0, 92.1134185970630226
Exp_02, 89, 18008, 2025-02-13T11:07:22.379093, SUCCESS, 6614, 24, 4640004, 54292400, 414, 24860983296, 0.0, 0.0, 92.1265658872493985
Exp_02, 89, 18006, 2025-02-13T11:07:21.005707, SUCCESS, 8422, 23, 4648367, 54382541, 415, 24927633408, 0.0, 0.0, 92.1255370152869747
Exp_02, 89, 18008, 2025-02-13T11:07:26.074250, SUCCESS, 4190, 22, 4648367, 54484929, 415, 24927633408, 0.0, 0.0, 92.1391714745614721
Exp_02, 89, 18006, 2025-02-13T11:07:25.974105, SUCCESS, 5268, 22, 4648407, 54587838, 416, 24955445248, 0.0, 0.0, 92.1527655914043843
Exp_02, 89, 18006, 2025-02-13T11:07:24.047142, SUCCESS, 8607, 25, 4650240, 54684933, 417, 25022095360, 0.0, 0.0, 92.1627598524065987
Exp_02, 89, 18008, 2025-02-13T11:07:30.335900, SUCCESS, 4732, 25, 4650450, 54796245, 417, 25022095360, 0.0, 0.0, 92.1771092572934458
Exp_02, 89, 18008, 2025-02-13T11:07:25.062261, SUCCESS, 10182, 26, 4650450, 54894488, 418, 25088745472, 0.0, 0.0, 92.1900162193468066
Exp_02, 89, 18008, 2025-02-13T11:07:27.362187, SUCCESS, 9568, 29, 4650450, 54993219, 419, 25155395584, 0.0, 0.0, 92.2029444566865932
Exp_02, 89, 18006, 2025-02-13T11:07:26.949840, SUCCESS, 10281, 30, 4651080, 55091517, 420, 25222045696, 0.0, 0.0, 92.2148011074911926
Exp_02, 89, 18006, 2025-02-13T11:07:28.105747, SUCCESS, 12227, 29, 4654909, 55257053, 422, 25316507648, 0.0, 0.0, 92.2304180257024465
Exp_02, 89, 18006, 2025-02-13T11:07:31.151076, SUCCESS, 9321, 30, 4657013, 55296325, 422, 25316507648, 0.0, 0.0, 92.2322707035928508
Exp_02, 89, 18008, 2025-02-13T11:07:29.120841, SUCCESS, 11827, 34, 4657013, 55394664, 423, 25383157760, 0.0, 0.0, 92.2449909267313218
Exp_02, 89, 18006, 2025-02-13T11:07:29.442703, SUCCESS, 12019, 34, 4657083, 55493490, 424, 25449807872, 0.0, 0.0, 92.2576248774886982
Exp_02, 89, 18006, 2025-02-13T11:07:35.074210, SUCCESS, 7571, 34, 4660861, 55592346, 424, 25449807872, 0.0, 0.0, 92.2645428649133979
Exp_02, 89, 18007, 2025-02-13T11:07:24.865426, FAILED, 0, 48, 4669719, 55671177, 425, 25504489472, 0.0, 0.0, 92.2611043097537034
Exp_02, 89, 18007, 2025-02-13T11:07:26.060662, FAILED, 0, 48, 4674906, 55756809, 426, 25559171072, 0.0, 0.0, 92.2641513648917625
Exp_02, 89, 18008, 2025-02-13T11:07:40.482774, SUCCESS, 16353, 47, 4683744, 55851019, 427, 25586991104, 0.0, 0.0, 92.2627201827815862
Exp_02, 89, 18007, 2025-02-13T11:07:42.650978, SUCCESS, 16395, 49, 4686125, 55951380, 428, 25614802944, 0.0, 0.0, 92.2719033377115368
Exp_02, 89, 18007, 2025-02-13T11:07:29.030342, FAILED, 0, 48, 4694148, 56140247, 430, 25748103168, 0.0, 0.0, 92.2837269935864407
Exp_02, 89, 18007, 2025-02-13T11:07:27.089268, FAILED, 0, 49, 4694148, 56140607, 430, 25748103168, 0.0, 0.0, 92.2837726559431365
Exp_02, 89, 18007, 2025-02-13T11:07:30.133302, FAILED, 0, 53, 4706070, 56323565, 432, 25869434880, 0.0, 0.0, 92.2888773626124423
Exp_02, 89, 18007, 2025-02-13T11:07:22.017108, FAILED, 0, 53, 4706070, 56323957, 432, 25869434880, 0.0, 0.0, 92.2889268916757976
Exp_02, 89, 18007, 2025-02-13T11:07:31.249655, FAILED, 0, 55, 4707329, 56429821, 433, 25936084992, 0.0, 0.0, 92.3003787386229159
Exp_02, 89, 18006, 2025-02-13T11:07:32.667810, SUCCESS, 29485, 56, 4712257, 56532567, 434, 26002735104, 0.0, 0.0, 92.3058689824955657
Exp_02, 89, 18008, 2025-02-13T11:07:32.159619, FAILED, 0, 56, 4724559, 56627346, 435, 26069385216, 0.0, 0.0, 92.2992464537164738
Exp_02, 89, 18007, 2025-02-13T11:07:23.032682, FAILED, 0, 55, 4731074, 56708104, 436, 26124066816, 0.0, 0.0, 92.2995812216107449
Exp_02, 89, 18007, 2025-02-13T11:07:33.176282, FAILED, 0, 56, 4735349, 56918650, 438, 26257367040, 0.0, 0.0, 92.3194779303772331
Exp_02, 89, 18006, 2025-02-13T11:07:36.217027, SUCCESS, 28062, 57, 4735349, 56918682, 438, 26257367040, 0.0, 0.0, 92.3194819167622633
Exp_02, 89, 18008, 2025-02-13T11:07:34.189058, FAILED, 0, 57, 4740621, 57016081, 439, 26312048640, 0.0, 0.0, 92.3237141128423600
Exp_02, 89, 18007, 2025-02-13T11:07:38.243280, SUCCESS, 26910, 59, 4740621, 57123232, 440, 26378698752, 0.0, 0.0, 92.3370097882522771
Exp_02, 89, 18007, 2025-02-13T11:07:35.202061, FAILED, 0, 59, 4741226, 57229714, 441, 26445348864, 0.0, 0.0, 92.3492753216265559
Exp_02, 89, 18007, 2025-02-13T11:07:36.943712, FAILED, 0, 59, 4741226, 57336741, 442, 26511998976, 0.0, 0.0, 92.3624657360315939
Exp_02, 89, 18008, 2025-02-13T11:07:35.250519, FAILED, 0, 59, 4745199, 57439789, 443, 26578649088, 0.0, 0.0, 92.3692210087746580
Exp_02, 89, 18006, 2025-02-13T11:07:37.246263, FAILED, 0, 59, 4759747, 57596488, 444, 26645299200, 0.0, 0.0, 92.3668467154888360
Exp_02, 89, 18008, 2025-02-13T11:07:37.231781, FAILED, 0, 59, 4759747, 57596488, 444, 26645299200, 0.0, 0.0, 92.3668467154888360
Exp_02, 89, 18008, 2025-02-13T11:07:39.258613, FAILED, 0, 59, 4759848, 57703468, 445, 26711949312, 0.0, 0.0, 92.3797705520469006
Exp_02, 89, 18006, 2025-02-13T11:07:40.271492, FAILED, 0, 59, 4762827, 57845499, 446, 26766630912, 0.0, 0.0, 92.3926619600083222
Exp_02, 89, 18007, 2025-02-13T11:07:40.362898, FAILED, 0, 59, 4762827, 57845499, 446, 26766630912, 0.0, 0.0, 92.3926619600083222
Exp_02, 89, 18006, 2025-02-13T11:07:40.966103, FAILED, 0, 62, 4765834, 57890807, 446, 26766630912, 0.0, 0.0, 92.3937288626755462
Exp_02, 89, 18007, 2025-02-13T11:07:41.285336, FAILED, 0, 65, 4765834, 57997990, 447, 26833281024, 0.0, 0.0, 92.4067182394750199
Exp_02, 89, 18008, 2025-02-13T11:07:41.471123, FAILED, 0, 66, 4766154, 58105083, 448, 26899931136, 0.0, 0.0, 92.4191820816250204
Exp_02, 89, 18006, 2025-02-13T11:07:42.297686, FAILED, 0, 66, 4770720, 58150168, 448, 26899931136, 0.0, 0.0, 92.4179073887196252
Exp_02, 89, 18008, 2025-02-13T11:07:43.315036, FAILED, 0, 66, 4770720, 58257249, 449, 26966581248, 0.0, 0.0, 92.4307889407002786
Exp_02, 89, 18006, 2025-02-13T11:07:44.329074, FAILED, 0, 66, 4772869, 58308368, 449, 26966581248, 0.0, 0.0, 92.4337739286881771
Exp_02, 89, 18007, 2025-02-13T11:07:45.344278, FAILED, 0, 66, 4772869, 58406369, 450, 27021262848, 0.0, 0.0, 92.4455103431288614
Exp_02, 89, 18008, 2025-02-13T11:07:46.357551, FAILED, 0, 67, 4772869, 58513482, 451, 27075944448, 0.0, 0.0, 92.4582964184489006
Exp_02, 89, 18006, 2025-02-13T11:07:47.371547, FAILED, 0, 68, 4776144, 58572347, 451, 27075944448, 0.0, 0.0, 92.4605244345915043
Exp_02, 89, 18007, 2025-02-13T11:07:48.384934, FAILED, 0, 68, 4776144, 58679434, 452, 27142594560, 0.0, 0.0, 92.4732479782943589
Exp_02, 89, 18008, 2025-02-13T11:07:49.398164, FAILED, 0, 68, 4776144, 58768768, 453, 27170381824, 0.0, 0.0, 92.4838293898337604
Exp_02, 89, 18006, 2025-02-13T11:07:50.411380, FAILED, 0, 68, 4778837, 58837057, 453, 27170381824, 0.0, 0.0, 92.4879826415706741
Exp_02, 89, 18007, 2025-02-13T11:07:51.423785, FAILED, 0, 68, 4778837, 58916346, 454, 27198169088, 0.0, 0.0, 92.4973337465723271
Exp_02, 89, 18008, 2025-02-13T11:07:52.437048, FAILED, 0, 68, 4787781, 58942290, 454, 27198169088, 0.0, 0.0, 92.4874067690902149
Exp_02, 89, 18008, 2025-02-13T11:07:55.341293, FAILED, 0, 68, 4791269, 58974813, 454, 27198169088, 0.0, 0.0, 92.4861794080432917
Exp_02, 89, 18007, 2025-02-13T11:07:54.464103, FAILED, 0, 68, 4792630, 59017682, 454, 27198169088, 0.0, 0.0, 92.4892547148178808
Exp_02, 89, 18007, 2025-02-13T11:07:56.277468, FAILED, 0, 66, 4808736, 59198384, 455, 27225956352, 0.0, 0.0, 92.4871858005796855
Exp_02, 89, 18006, 2025-02-13T11:07:55.475654, FAILED, 0, 66, 4808736, 59198384, 455, 27225956352, 0.0, 0.0, 92.4871858005796855
Exp_02, 89, 18008, 2025-02-13T11:07:56.488634, FAILED, 0, 66, 4810317, 59269993, 456, 27253743616, 0.0, 0.0, 92.4932994238011645
Exp_02, 89, 18006, 2025-02-13T11:07:53.450634, FAILED, 0, 66, 4810317, 59269993, 456, 27253743616, 0.0, 0.0, 92.4932994238011645
Exp_02, 89, 18007, 2025-02-13T11:07:57.503885, FAILED, 0, 64, 4813689, 59420553, 459, 27337105408, 0.0, 0.0, 92.5060390686948559
Exp_02, 89, 18006, 2025-02-13T11:07:56.853657, FAILED, 0, 64, 4815065, 59464819, 460, 27364892672, 0.0, 0.0, 92.5092195250383464
Exp_02, 89, 18008, 2025-02-13T11:07:58.534424, FAILED, 0, 64, 4816351, 59501234, 460, 27364892672, 0.0, 0.0, 92.5116109381283517
Exp_02, 89, 18007, 2025-02-13T11:07:59.343369, FAILED, 0, 64, 4816351, 59562363, 460, 27364892672, 0.0, 0.0, 92.5187213276736158
Exp_02, 89, 18008, 2025-02-13T11:07:59.357732, FAILED, 0, 64, 4816583, 59642599, 460, 27364892672, 0.0, 0.0, 92.5277007083335311
Exp_02, 89, 18006, 2025-02-13T11:07:59.143879, FAILED, 0, 64, 4816583, 59642599, 460, 27364892672, 0.0, 0.0, 92.5277007083335311
Exp_02, 89, 18008, 2025-02-13T11:08:00.537301, FAILED, 0, 64, 4817110, 59680668, 460, 27364892672, 0.0, 0.0, 92.5313551111791789
Exp_02, 89, 18006, 2025-02-13T11:08:00.562218, FAILED, 0, 64, 4817233, 59733303, 460, 27364892672, 0.0, 0.0, 92.5372687842592043
Exp_02, 89, 18007, 2025-02-13T11:08:00.528625, FAILED, 0, 64, 4818483, 59800075, 460, 27364892672, 0.0, 0.0, 92.5431901467067711
Exp_02, 89, 18007, 2025-02-13T11:08:01.661496, FAILED, 0, 64, 4818820, 59871405, 460, 27364892672, 0.0, 0.0, 92.5509302216834151
Exp_02, 89, 18008, 2025-02-13T11:08:01.831030, FAILED, 0, 64, 4819833, 59909639, 460, 27364892672, 0.0, 0.0, 92.5538817928253764
Exp_02, 89, 18007, 2025-02-13T11:08:02.567999, FAILED, 0, 64, 4819833, 59970460, 460, 27364892672, 0.0, 0.0, 92.5608717342889621
Exp_02, 89, 18008, 2025-02-13T11:08:03.388187, FAILED, 0, 63, 4821195, 60001042, 460, 27364892672, 0.0, 0.0, 92.5624365601575891
Exp_02, 89, 18006, 2025-02-13T11:07:59.528243, FAILED, 0, 63, 4821871, 60073556, 461, 27392679936, 0.0, 0.0, 92.5697830757782055
Exp_02, 89, 18006, 2025-02-13T11:08:03.580592, FAILED, 0, 63, 4823680, 60167262, 462, 27420467200, 0.0, 0.0, 92.5779195506967725
Exp_02, 89, 18008, 2025-02-13T11:08:04.353959, FAILED, 0, 62, 4824512, 60198941, 462, 27420467200, 0.0, 0.0, 92.5803509696724350
Exp_02, 89, 18008, 2025-02-13T11:08:04.750265, FAILED, 0, 62, 4825199, 60231651, 462, 27420467200, 0.0, 0.0, 92.5831038545518266
Exp_02, 89, 18007, 2025-02-13T11:08:03.699561, FAILED, 0, 61, 4825231, 60304285, 463, 27448254464, 0.0, 0.0, 92.5913298664771284
Exp_02, 89, 18006, 2025-02-13T11:08:02.240637, FAILED, 0, 60, 4825231, 60368637, 464, 27476041728, 0.0, 0.0, 92.5986428662278483
Exp_02, 89, 18007, 2025-02-13T11:08:04.588194, FAILED, 0, 60, 4825812, 60441082, 465, 27503828992, 0.0, 0.0, 92.6060339258675309
Exp_02, 89, 18008, 2025-02-13T11:08:05.630, FAILED, 0, 60, 4826744, 60474790, 465, 27503828992, 0.0, 0.0, 92.6085289206222935
Exp_02, 89, 18007, 2025-02-13T11:08:05.600616, FAILED, 0, 59, 4826744, 60547516, 466, 27531616256, 0.0, 0.0, 92.6167516083547255
Exp_02, 89, 18006, 2025-02-13T11:08:05.235853, FAILED, 0, 58, 4826793, 60636449, 467, 27586297856, 0.0, 0.0, 92.6267125603097995
Exp_02, 89, 18006, 2025-02-13T11:08:04.380681, FAILED, 0, 57, 4827244, 60724080, 468, 27640979456, 0.0, 0.0, 92.6359321132857667
Exp_02, 89, 18007, 2025-02-13T11:08:07.249325, FAILED, 0, 56, 4827659, 60807454, 469, 27668766720, 0.0, 0.0, 92.6447007107308553
Exp_02, 89, 18008, 2025-02-13T11:08:07.330785, FAILED, 0, 56, 4828803, 60843103, 469, 27668766720, 0.0, 0.0, 92.6470795594085544
Exp_02, 89, 18006, 2025-02-13T11:08:06.615133, FAILED, 0, 55, 4828803, 60939723, 470, 27723448320, 0.0, 0.0, 92.6578816742829237
Exp_02, 89, 18006, 2025-02-13T11:08:07.626810, FAILED, 0, 55, 4828803, 61036343, 471, 27778129920, 0.0, 0.0, 92.6686520971197726
Exp_02, 89, 18008, 2025-02-13T11:08:08.560023, FAILED, 0, 54, 4831593, 61075094, 471, 27778129920, 0.0, 0.0, 92.6690397895436619
Exp_02, 89, 18006, 2025-02-13T11:08:08.643069, FAILED, 0, 54, 4831848, 61183248, 472, 27844780032, 0.0, 0.0, 92.6806923071050294
Exp_02, 89, 18007, 2025-02-13T11:08:08.384582, FAILED, 0, 53, 4831848, 61270521, 473, 27899461632, 0.0, 0.0, 92.6903557722719438
Exp_02, 89, 18006, 2025-02-13T11:08:11.240741, SUCCESS, 28610, 53, 4833109, 61367764, 474, 27966111744, 0.0, 0.0, 92.6993273940662384
Exp_02, 89, 18007, 2025-02-13T11:08:09.657226, FAILED, 0, 52, 4834261, 61473699, 475, 28032761856, 0.0, 0.0, 92.7093805932198789
Exp_02, 89, 18008, 2025-02-13T11:08:10.370046, FAILED, 0, 51, 4838460, 61805555, 479, 28221636608, 0.0, 0.0, 92.7398431802165581
Exp_02, 89, 18008, 2025-02-13T11:08:10.669644, FAILED, 0, 51, 4838460, 61805555, 479, 28221636608, 0.0, 0.0, 92.7398431802165581
Exp_02, 89, 18006, 2025-02-13T11:08:10.651434, FAILED, 0, 51, 4838460, 61805555, 479, 28221636608, 0.0, 0.0, 92.7398431802165581
Exp_02, 89, 18007, 2025-02-13T11:08:10.652922, FAILED, 0, 49, 4838460, 61805555, 479, 28221636608, 0.0, 0.0, 92.7398431802165581
Exp_02, 89, 18008, 2025-02-13T11:08:11.782763, FAILED, 0, 46, 4841497, 61998571, 481, 28342968320, 0.0, 0.0, 92.7565947419443080
Exp_02, 89, 18007, 2025-02-13T11:08:11.679207, FAILED, 0, 46, 4841497, 62097375, 482, 28409618432, 0.0, 0.0, 92.7672862488629925
Exp_02, 89, 18006, 2025-02-13T11:08:14.756108, SUCCESS, 27441, 45, 4841497, 62097375, 482, 28409618432, 0.0, 0.0, 92.7672862488629925
Exp_02, 89, 18006, 2025-02-13T11:08:13.705842, SUCCESS, 28855, 45, 4841497, 62303221, 484, 28542918656, 0.0, 0.0, 92.7894596265934128
Exp_02, 89, 18006, 2025-02-13T11:08:12.344714, FAILED, 0, 44, 4841497, 62303221, 484, 28542918656, 0.0, 0.0, 92.7894596265934128
Exp_02, 89, 18007, 2025-02-13T11:08:12.571884, FAILED, 0, 43, 4842474, 62499342, 486, 28676218880, 0.0, 0.0, 92.8091128400814139
Exp_02, 89, 18007, 2025-02-13T11:08:14.251177, SUCCESS, 28623, 43, 4845498, 62603699, 487, 28742868992, 0.0, 0.0, 92.8160775583436523
Exp_02, 89, 18008, 2025-02-13T11:08:12.693760, FAILED, 0, 42, 4845498, 62603699, 487, 28742868992, 0.0, 0.0, 92.8160775583436523
Exp_02, 89, 18008, 2025-02-13T11:08:14.719233, SUCCESS, 28470, 42, 4850672, 62705606, 488, 28809519104, 0.0, 0.0, 92.8198057329327705
